host,url,xpath
https://www.ozon.ru/,https://www.ozon.ru/product/smesitel-dlya-vanny-s-korotkim-litym-izlivom-odnoruchnyy-k30-slaven-209956018/,"//*[@id=""layoutPage""]/div[1]/div[6]/div[3]/div[2]/div[2]/div[1]/div/div/div[1]/div/div/div[2]/div[2]/span[1]/span,//*[@id=""layoutPage""]/div[1]/div[7]/div[3]/div[2]/div[2]/div[1]/div/div/div[1]/div/div/div[2]/div[2]/span[1]/span"
https://bravax.ru/,https://bravax.ru/dushevaya-stojka-frap-f2416.html,"//*[@id=""priceItem""]"
http://frap-russia.ru/,http://frap-russia.ru/dushevaya-stojka-frap--f2416.html,"//*[@id=""priceItem""]"
https://unimagonline.com/,https://unimagonline.com/f2416-dushevaya-stoyka-s-verhnim-dushem/,"//*[@id=""sec_discounted_price_344""]"
https://omsk-san.ru/,https://omsk-san.ru/unitaz-kompakt-keramin-kids-s-risunkom-bozhya-korovka,"//*[@id=""product-price""]"
https://stot.ru/,https://stot.ru/unitaz-kompakt-detskiy-kids-s-risunkom-bozhya-korovka.html,"//*[@id=""product""]/div/div[1]/div[2]/div/span[2]"
https://k-remont.ru/,https://k-remont.ru/catalog/detail/unitaz-santek-ostin-1-wh30-2-419/,"//*[@id=""240292""]/div/div[2]/div[3]/div[1]/span[2]"
https://vstroyka-solo.ru/,https://vstroyka-solo.ru/moskva/goods/unitaz-kompakt-santek-ostin-wh302419-beliy-733994,"//*[@id=""priceCard""]/div/div[1]/div/div/span[1]"
https://www.u-nion.ru/,https://www.u-nion.ru/catalog/medicinskaya-santehnika/viduary-medicinskie/viduar-sb-2-polnyy-komplekt-keram,"//*[@id=""no-sb""]/main/div/div/div[2]/div[5]/div/div/span"
https://jkr-shop.ru/,https://jkr-shop.ru/shop/product/viduar-sb-2-plastik-polnyy-komplekt,/html/body/div[2]/div[2]/main/div/div[4]/form/div[2]/div[4]/div[1]/div[2]/strong
http://pksfera.ru/,http://pksfera.ru/viduar-medicinskij-sb-2-ker-bachok-plast-bachok-specialnaya,"//*[@id=""content""]/div/div[2]/ul[2]/li/h2/span"
https://masclim.ru/,https://masclim.ru/raskhodnye-materialy/sifon-dlya-kondicionera-hl-138/?ymclid=16086739483575204088800001,"//*[@id=""content""]/div[2]/div[2]/div[1]/div[1]/div"
https://www.hl-spb.ru/,https://www.hl-spb.ru/katalog/sifonyi/dlya-kondiczionerov/hl138,"//*[@id=""mainFormProduct""]/div/div[1]/div/div[1]/div/div/span[1]"
https://horeca.uno/,https://horeca.uno/catalog/retsirkulyatory/-2-60-3-2-16-/?gclid=CjwKCAiA8ov_BRAoEiwAOZogwdA21kGg57msnWI8oV5g6FR-fR-3GX5LCqv_XP4_q_Ht1MI3SUJdmBoCbhgQAvD_BwE,"//*[@id=""bx_2997131855_39399_price""]"
https://restoll.com/,https://restoll.com/p450948093-retsirkulyator-obluchatel-bakteritsidnyj.html?gclid=CjwKCAiA8ov_BRAoEiwAOZogwQNSRCoEGKvmjBkkwZY3PssRH77VTqojom7uLndflWK4JedYij7TSRoC6QUQAvD_BwE,/html/body/div[5]/div[2]/div/div/div[2]/div[1]/div/div/div[2]/div[1]/div/p/span[1]
https://zavod-recirkulyatorov.ru/,https://zavod-recirkulyatorov.ru/index.php?route=product/product&product_id=239/?utm_source=google&utm_medium=cpc&utm_campaign=11896806370&utm_content=487625273162&utm_term=&gclid=CjwKCAiA8ov_BRAoEiwAOZogwXmeQhXe3uoPejiLKPv24bTcYvgT4AfP8LBhZteBL7LEvlXTm31IhhoCWUwQAvD_BwE,"//*[@id=""product""]/div[2]/p"
http://www.deal-med.ru/,http://www.deal-med.ru/apparat_dyhatelnyj_ruchnoj_vzroslyj_bez_aspiratora_adr_mp_v.html,"//*[@id=""content""]/div/div[1]/div/span/span[1]"
https://www.medexinter.ru/,https://www.medexinter.ru/produkciya-medplant/izdeliya-dlya-reanimacii/izdeliya-dlya-ruchnoy-ivl/apparaty-dyhatelnye-ruchnye/apparat-dyhatelnyy-ruchnoy-adr-mp-v-vzroslyy/,"//*[@id=""sec_discounted_price_574""]"
http://www.medrk.ru/,http://www.medrk.ru/shop/diagnosticheskoe-oborudovanie/oftal-mologicheskie-pribory-i-oborudovanie/id-254,/html/body/main/div/div/div[3]/div[2]/div[2]/div/p[1]/span
https://www.nv-lab.ru/,https://www.nv-lab.ru/catalog_info.php?ID=3884&Full=1,"//*[@id=""oprice""]"
https://parentkom.ru/,https://parentkom.ru/mk-14-lampa-nastolnaya-dlya-oftalmologicheskogo-i-otolaringologicheskogo-obsledovaniya-masterlight-v-komplekte-s-krepleniyem,/html/body/div[3]/div[4]/div/div[4]/div/main/div/div/form/div[2]/div[1]/div[1]/div/strong
https://ndmtrade.ru/,https://ndmtrade.ru/cvetil-niki-xirurgicheckie/cvetil-nik-masterlight-r-klaccik-cvetodiodnii-peredvizhnoi-c-gibkoi-verxnei-chact-yu-c-led-lampoi-12v-7w-861701156.html,"//*[@id=""product""]/div[1]/span"
https://dealmed-4.blizko.ru/,https://dealmed-4.blizko.ru/products/186355482-nabor_privivochnogo_instrumentariya,"//*[@id=""content""]/div[1]/div[2]/div/div/div[2]/div[3]/div[2]/p/i"
https://stomshop.pro/,https://stomshop.pro/komplekt-neotlozhnoy-pomoschi-4,"//*[@id=""product""]/div[1]/span/span"
https://www.sunmed.ru/,https://www.sunmed.ru/product/ukladka-v-sumke-sr-3-vracha-skoroy-pomoshchi-po-pr-100-s-laringoskopom-m-841/,"//*[@id=""bx_117848907_6898""]/div/div[2]/div[2]/div/div[1]/div[1]/strong/p/span[1]"
http://www.vesmaster.ru/,http://www.vesmaster.ru/catalogue/824/837/,"//*[@id=""price_3402""]"
https://voronezh.magazinlab.ru/,https://voronezh.magazinlab.ru/dinamometr-dpu-01-2.html,"//*[@id=""content""]/div/div[2]/div/div[1]/div[1]/span[2]"
https://med-tovary.ru/,https://med-tovary.ru/dinamometr-elektronnyj-ruchnoj-dmer-30-dinamometr-elektronnyj-ruchnoj-dmer-30?_openstat=bWFya2V0LnlhbmRleC5ydTvQlNC40L3QsNC80L7QvNC10YLRgCDRjdC70LXQutGC0YDQvtC90L3Ri9C5INGA0YPRh9C90L7QuSDQlNCc0K3QoC0zMDtzSjd6NjJUZ0FPOEpONEx5WTNscTN3Ow&ymclid=16087423610209819080500001,"//*[@id=""product""]/div[3]/ul/li[1]/span/span"
https://dimirin.ru/,https://dimirin.ru/node/235,"//*[@id=""block-bone-content""]/article/div/div[3]/div[2]"
https://prom-ask.ru/,https://prom-ask.ru/catalog/meditsina/med_oborudovanie/ochki-v-detskoy-oprave-drr-56-58-mm-s-linzami-v-1-dptr/,/html/body/div[2]/div[2]/div/div/div/div[2]/div[3]/div/div[1]/div/div[2]/div/div[3]/div/span/span[1]
https://omron.csmedica.ru/,https://omron.csmedica.ru/catalog/csmedica/mekhanicheskiye-tonometry/modeli-v-prodazhe-mekh-tonometry/cs-106/,/html/body/div[1]/div[4]/div[1]/div/div/div/div/div/div/div[1]/div[2]/div/div[2]/div/div[1]/div[1]/span
https://www.topzdrav-russia.ru/,https://www.topzdrav-russia.ru/products/224569389-fonendoskop_md_one_karbon_mdf777pn11_mdf_instruments,"//*[@id=""content""]/div[1]/div[2]/div/div/div[2]/div[3]/div[2]/p/i"
https://borabo.ru/,https://borabo.ru/fitness-accessories/rezin_access/ehspander_silovoj_shnur_rezinovyj_3_m_d_10_mm_borabo?utm_source=cpc_yandex_market&utm_medium=cpc&utm_term=1461&utm_content=1461&utm_campaign=118&ymclid=16087459458119539312900001,/html/body/div[2]/div[1]/div[3]/div/div/div[3]/div[1]/div[1]/div[2]/div[1]/div/div[2]/div
https://delta-fitness.ru/,https://delta-fitness.ru/products/espander-silovoy-shnur-rezinovyy-5-m-d-10-mm?_openstat=bWFya2V0LnlhbmRleC5ydTvQltCz0YPRgiDQsdC-0YDRhtC-0LLRgdC60LjQuSA1INC80LXRgtGA0L7Qsiwg0LTQuNCw0LzQtdGC0YAgMTAg0LzQvCAo0L3QsNCz0YDRg9C30LrQsCAxNSDQutCzKTtYc29sekRIdEstM3JSaHRyRm9Gb1hROw&ymclid=16087459458119539312900018,"//*[@id=""form-10051""]/div[1]/div/div/div/b"
https://pettown.ru/,https://pettown.ru/catalog/veterinarnaya-apteka/shpritsy-i-igly-komplekty/shprits-odnorazovyy-s-importnoy-igloy-0-6kh25mm-2ml-1sht/?r1=yandext&r2=&ymclid=16087458187834570604400006,"//*[@id=""bx_117848907_22417""]/div[2]/div/div[2]/div[1]/div[1]/div/div/span[1]/span[1]"
https://www.wildberries.ru/,https://www.wildberries.ru/catalog/7459129/detail.aspx?targetUrl=GP,"//*[@id=""container""]/div[2]/div/div[2]/div/div/p/span"
https://carcam.ru/,https://carcam.ru/product/thermometer-aiqura-ad801.html,"//*[@id=""bx_117848907_46341_price""]/span[1]"
https://planetazdorovo.ru/,https://planetazdorovo.ru/catalog/izdeliya-meditsinskogo-naznacheniya/grelki-kruzhki-esmarkha/grelki-461/grelka-meridian-2l-14987103/,"//*[@id=""150""]"
https://minimed.ru/,https://minimed.ru/product/1062/,"//*[@id=""bx_117848907_1062""]/div/div[2]/div[2]/div[2]/div/div/div/div[1]/div/div/div[1]/div[2]/div[2]"
https://crumble-shop.ru/,https://crumble-shop.ru/catalog/inventar/skrebki_metallicheskie/8492/?frommarket=https%3A%2F%2Fmarket.yandex.ru%2Fsearch%3Frs%3DeJwzSvKS4&ymclid=16087467815095550827200004,"//*[@id=""bx_117848907_8492""]/div[2]/div/div[2]/div[1]/div[1]/div/div/span[1]/span[1]"
https://dezliga.ru/,https://dezliga.ru/goods/eMKOST-KONTeJNeR-eDPO-1-01-394-260-155-mm,"//*[@id=""productBlock""]/div/form/div/div[2]/div/div/div[1]/ul[1]/li/span[1]/span/span[1]"
https://msk.fgoskomplekt.ru/,https://msk.fgoskomplekt.ru/catalog/oborudovanie_kabinetov/kabinet_medrabotnika/komplektaciya-kabineta-medrabotnika-po-822-prikazu/emkost-neprokalyvaemyj-kontejner-s-kryshkoj-dlya-dezinfekcii-otrabotannykh-shpricev-tamponov-ispol-zovannykh-vakcin/,"//*[@id=""bx_117848907_112906""]/div[2]/div/div[2]/div[1]/div[1]/div/div/span/span[1]"
https://www.deznet.ru/,https://www.deznet.ru/catalog/transportirovka_patsientov/nosilki/34013/,"//*[@id=""bx_117848907_34013""]/div[2]/div/div/div/div[1]/div[2]/div[1]/div[2]/div/div/span/span/span[1]"
https://medic-snab.ru/,https://medic-snab.ru/katalog-tovarov/sredstva-immobilizacii/nosilki-medicinskie/nosilki-nm-02-myagkie-s-fiksiruyuschimi-remnyami-v-sumke/,"//*[@id=""product_block""]/div[2]"
https://www.alltime.ru/,https://www.alltime.ru/watch/casio/HS-6-1/94145/?utm_campaign=krasnodar&utm_content=281766&utm_medium=price&utm_source=yandexmarket&utm_term=281766&ymclid=16087332347995554484000001,"//*[@id=""real_price""]/span"
https://firmed.ru/,https://firmed.ru/katalog/santimetrovaya-meditsinskaya-lenta,"//*[@id=""product-price-3161""]/span"
https://www.sima-land.ru/,https://www.sima-land.ru/4376359/medicinskie-perchatki-benovy-s-lateksnye-opudrennye-gladkie/,"//*[@id=""product""]/div/div[2]/div[1]/div/div[3]/div/div[1]/div/div[1]/div/div[1]/div[1]/span"
https://my-formula.ru/,https://my-formula.ru/pipetka,"//*[@id=""content""]/div/div/div[2]/div[2]/span[3]/span"
https://www.komus.ru/,https://www.komus.ru/katalog/otraslevye-predlozheniya/meditsina/raskhodnye-materialy-dlya-reanimatsii-i-skoroj-pomoshhi/dlya-iskusstvennoj-ventilyatsii-legkikh/vozdukhovod-polimernyj-kpi-rot-v-rot-1-4-komplekt-/p/726616/,"//*[@id=""bContainerMain""]/div[3]/div/div[3]/div/div[1]/div/div[7]/div[2]/div[2]/div[1]/form/div/div[1]/div/div/span[1]"
https://zdravcity.ru/,https://zdravcity.ru/p_bint-sterilnyj-klinsa-5mh10sm-vysok-plotn-0087684.html,"//*[@id=""product-new-accordion""]/div[2]/div[1]/div[2]/div[3]/div[1]/div[1]/span[1]"
https://www.mteh1.ru/,https://www.mteh1.ru/catalog/item/termokonteyner_tm9/,"//*[@id=""product-price""]"
https://www.forma-shop.ru/,https://www.forma-shop.ru/product/khalat-meditsinskiy-zhenskiy-belyy-ku-khalmzh16/,"//*[@id=""cart-form""]/div[4]/div/div[2]/div[2]/span"
https://saratov.pulscen.ru/,https://saratov.pulscen.ru/products/shapochka_meditsinskaya_tip_sharlotta_158142040,/html/body/div/div/div[4]/div/div[2]/div[2]/div[2]/div[3]/div/i
https://almamed.su/,https://almamed.su/product/sekundomer-elektronnyy-js-307-kitay/#,"//*[@id=""cart-form""]/div[2]/div/div[1]/span"
http://www.dealmed.ru/,http://www.dealmed.ru/apparat_dyhatelnyj_ruchnoj_vzroslyj_bez_aspiratora_adr_mp_v.html,"//*[@id=""content""]/div/div[1]/div/span/span[1]"
https://ump-medical.ru/,https://ump-medical.ru/products/izdelija+dlja+ruchnoy+IVL/apparat_dykhatelnyy_ruchnoy_adr_mp_v__vzroslyy_/,"//*[@id=""tab1""]/b[3]/span[1]"
https://www.shop.mpamed.ru/,https://www.shop.mpamed.ru/categories/diagnostic/molotochki/5058-queens-nevrologicheskiy-molotok/?utm_source=market&utm_medium=cpc&utm_campaign=market_shop&utm_content=32334&ymclid=16087421309451839412100003,"//*[@id=""good""]/div[1]/div/div[1]/div[2]/div[2]/p[3]/span[2]/span[1]"
https://medmebel.ru/,https://medmebel.ru/product/konteyner-edpo-3-01/,"//*[@id=""bx_117848907_11913_price""]"
https://plazmagrad.ru/,https://plazmagrad.ru/puzyr-dlya-lda-1-d150mm-kiyevguma-50shtupak?_openstat=bWFya2V0LnlhbmRleC5ydTvQn9GD0LfRi9GA0Ywg0LTQu9GPINC70YzQtNCwIOKEljEgZD0xNTBtbTtFN2hiUGs1MVJTMXNQX3c5NE1kYm1BOw&ymclid=16087474192440633741400001,"//*[@id=""fix_right_block""]/div/div[1]/span"
https://www.me-d.ru/,https://www.me-d.ru/shop/234/desc/nosilki-skladnye-ydc-1a9,"//*[@id=""content""]/div[3]/div[2]/aside/div[3]/div[3]/strong/span"
https://www.medcomp.ru/,https://www.medcomp.ru/catalog/product/stetoskop-kawe-rapport-fioletovyy-06-22500-092/,/html/body/div[1]/section/div/div[3]/div[3]/div[1]/div/div[1]/div/div/div[1]/div[1]/div[1]/span[1]
https://fortemed.ru/,https://fortemed.ru/catalog/sredstva_reabilitatsii/kostyli/kostyl_armed_fs923l/,"//*[@id=""bx_3966226736_36024""]/div[4]/div[2]"
https://mirorto.ru/,https://mirorto.ru/catalog/sredstva_reabilitatsii/kostyli/kostyl_loktevoy_armed_fs923l/,"//*[@id=""bx_117848907_8809""]/div[2]/div/div[2]/div/div[1]/div[1]/div[1]/div[2]/div/div/span/span[1]/span[1]"
https://www.med-tehnik.ru/,https://www.med-tehnik.ru/catalog/tonometry/mekhanicheskie_tonometry/tonometr_cs_medica_cs_106_mekhanicheskiy.html?utm_medium=cpc&utm_source=priceru-gmc&utm_campaign=408301532&utm_content=870647197,"//*[@id=""bx_117848907_422""]/div[2]/div/div[2]/div[1]/div[1]/div[1]/div/div/span/span[1]/span[1]"
https://ximiks.ru/,https://ximiks.ru/dezsredstva/kozhnie_antiseptiki/lizanol-1l-d691,"//*[@id=""formated_price""]"
https://voronezh.piluli.ru/,https://voronezh.piluli.ru/product516950/product_info.html,"//*[@id=""products_price""]"
https://shop.sanitarka.ru/,https://shop.sanitarka.ru/catalog/sudno-ladya-s-kryshkoy-9240?ymclid=16087447188936849756100004,"//*[@id=""offer_price""]"
https://posmagazin.ru/,https://posmagazin.ru/vesy-napolnye-meditsinskie-elektronnye-vmen-200-50/?ymclid=16087330911296326940700003,/html/body/section/div/div[1]/div/div[2]/div[1]/div[3]/form/div[2]/div[1]/div[1]/span
https://trives-shop.ru/,https://trives-shop.ru/catalog/t_8130_xs_bandazh_podderzhivayushchiy_dlya_ruki_posle_travmy_kosynka.html,"//*[@id=""bx_117848907_226407_price""]"
https://www.internet-magazin-medtehnika.ru/,https://www.internet-magazin-medtehnika.ru/products/193266680-detski_bandazh_na_plechevoy_sustav_kosynka_t_8130_razmer_khkhkhs,"//*[@id=""content""]/div[1]/div[2]/div/div/div[2]/div[3]/div[3]/p/i"
https://nabchelny.ortomir24.ru/,https://nabchelny.ortomir24.ru/detskiy_bandazh_na_kolennyy_sustav_s_pruzhinnymi_rebrami_zhestkosti_t_8530_trives,"//*[@id=""bx_117848907_54731_price""]"
http://foodcity-pro.ru/,http://foodcity-pro.ru/catalog/product-174195.html,"//*[@id=""catalog-element""]/div/div[3]/div[2]/span/span"
https://yandex.ua/,https://yandex.ua/turbo/medcomp.ru/s/catalog/product/sterilizator-vozdushnyy-gp-40-spu/?parent-reqid=1608745720986348-920745431087982424900098-production-app-host-man-web-yp-108&trbsrc=wb&fallback=1&event-id=kj1pouetue&new_overlay=1,"//*[@id=""root""]/div/div[2]/div[2]/div[2]/div/span/span"
https://dealmed.fis.ru/,https://dealmed.fis.ru/product/33191282-voronka-hartmann-voronka-ushnaya-1-39-100-1-sammar-pakistan,"//*[@id=""product""]/div[3]/div[1]/p[2]/span[1]"
http://www.kolechko.ru/,http://www.kolechko.ru/product/zazhim-s-atravmaticheskoj-narezkoj-izognutyj-160-mm-debakey/,"//*[@id=""product_price""]"
https://med-instrumenti.ru/,https://med-instrumenti.ru/products/pincet-anatomicheskiy-glaznoy-izognutyy-100-0-6-mm,"//*[@id=""cost-by-impact""]/span"
https://medtehnika-sto.ru/,https://medtehnika-sto.ru/catalog/medicinskie-instrumenty/hirurgiya/p-43-140-rotorasshiritel-s-kremaleroj.html,"//*[@id=""content""]/section[2]/div/section/article/div/div/div[1]/div[2]/div/div[2]/div/div/span[1]"
http://www.xn----8sbcehcdb0aagrvshjcbb2bn6c3cyo.xn--p1ai/,http://www.xn----8sbcehcdb0aagrvshjcbb2bn6c3cyo.xn--p1ai/catalog/instrumenty/skalpeli_nozhi_lozhki/skalpeli_odnorazovye/skalpel_s_plastmassovoy_ruchkoy_g23_bryushistyy_malyy_sterilnyy.html,"//*[@id=""smallElementTools""]/div/div[1]/a/span/span[1]"
https://sanamedical.ru/,https://sanamedical.ru/catalog/shpriczyi-odnorazovyie/shpriczyi-odnorazovyie-importnogo-proizvodstva/shpricz-odnorazovyij-5-ml-3-x-komponentnyij-22g-07*40,"//*[@id=""info""]/div[1]/div[1]/p[2]/b"
https://price-pro.ru/,https://price-pro.ru/product/shpric-insulinovyy-1-ml-s-igloy-0-45-10-mm-26g-2-5/,"//*[@id=""cart-form""]/div[4]/div/div[1]/span"
https://rusprommeb.ru/,https://rusprommeb.ru/proizvodstvennaya-mebel/lari-dlya-belya/lar-dlya-belya-lb-1k,"//*[@id=""product""]/div[3]/ul/li[1]/span"
https://i-f.su/,https://i-f.su/katalog-produktsii/meditsinskoe-osnashchenie/meditsinskaya-mebel/lari-dlya-belya/lar-dlya-belya-lb-1k-detail,"//*[@id=""productPrice2397""]/div/span"
http://www.dm-lider.ru/,http://www.dm-lider.ru/?cat=22200&it=6240200,"//*[@id=""View_cost""]"
https://market.otc.ru/,https://market.otc.ru/Product/Index/190270,/html/body/div[4]/div/div/div/div[5]/div[1]/div[1]/div/div[1]/div[1]/div[1]/div/div
https://tandem-med.ru/,https://tandem-med.ru/product/obluchatel-retsirkulyator-orub-01-kront-dezar-7,"//*[@id=""product-price""]/span[1]"
https://54-med.ru/,https://54-med.ru/p70866327-edpo-kontejner-dlya.html?ymclid=16087255893919057128300002,/html/body/div[4]/div[1]/div/div[4]/div[1]/div/div[2]/div[1]/div[1]/div/p/span[1]
https://medpribori.ru/,https://medpribori.ru/cat/products/diagnosticheskoe-oborudovanie/plantograf-detskij-v-komplekte,"//*[@id=""bx_117848907_15368""]/div[2]/div/div[2]/div[1]/div[1]/div[2]/div/div/span/span[1]/span[1]"
http://med-sumka.ru/,http://med-sumka.ru/%D0%9000155,"//*[@id=""product""]/div[3]/ul/li[1]/span"
https://eurosmed.ru/,https://eurosmed.ru/products/stellazh-msz-zakrytyj-s-dvermi-kupes-raspashnoj-dvertsej,"//*[@id=""mng""]/div/div/div[1]/div[3]/div[1]/span"
http://atmpk.ru/,http://atmpk.ru/catalog/laboratornaya_mebel/mojki_laboratornye/mojka_m-109,/html/body/div[2]/div[4]/div[5]/p/span
http://atmpk-shop.ru/,http://atmpk-shop.ru/laboratornaya-mebel-ekonom/452-mojka-m-109.html,"//*[@id=""our_price_display""]"
https://xn----8sbnb3anjjgrd.xn--p1ai/,https://xn----8sbnb3anjjgrd.xn--p1ai/products/cvetnye-rezinovye-dorozhki,"//*[@id=""cost-by-impact""]/span"
https://sollami.ru/,https://sollami.ru/cifrovye-fortepiano/casio-gp-300bk.html,"//*[@id=""content""]/div[2]/div[2]/div[1]/div[5]/span[2]"
https://tolyatti.muzplanet.com/,https://tolyatti.muzplanet.com/magazin/product/tsifrovoye-pianino-casio-celviano-gp-300bk,/html/body/div[1]/div[1]/div[3]/div/div/form/div[2]/div[1]/div[1]/div/strong
https://www.legato.su/,https://www.legato.su/index.php?productID=10291,"//*[@id=""currentPrice""]"
https://www.bigtv.ru/,https://www.bigtv.ru/product/stoyka-dlya-kontsertnoy-akustiki-stagg-sps10-al-bk-set-623603/?yclid=7666301670437707024&utm_source=yandex&utm_medium=cpc&utm_campaign=dynamic-all-bigtv-47356321&utm_term=&utm_content=__v3||8245880333||1324882||||1||premium||none||search||no&roistat=direct1_search_8245880333_ALL&roistat_referrer=none&roistat_pos=premium_1,"//*[@id=""mainContainer""]/div[1]/div[2]/div[1]/div[13]/div[4]/div[1]/span[1]"
https://pop-music.ru/,https://pop-music.ru/products/komplekt-stoek-s-chekhlom-stagg-sps10-al-bk-set-888880024910/,/html/body/div[1]/div/div[2]/div[2]/div/div[2]/div[2]/div[3]/div[1]/div/div[1]
https://sounddealer.ru/,https://sounddealer.ru/collection/yamaha-tsifrovye-mikshery/product/yamaha-mgp32x,/html/body/div[2]/div/div[2]/div[3]/div[2]/form/div[2]/div[1]
https://www.audiomania.ru/,https://www.audiomania.ru/mikshernyj_pult/yamaha/yamaha_mgp-32x.html?utm_medium=cpc&utm_campaign=y_search_tovary_professionalnoe-audio_rossiya_n20&utm_source=yandex&utm_content=%7Cc:51447677%7Cg:4177933834%7Cb:8969567926%7Ck:20480186352%7Cst:search%7Ca:no%7Cs:none%7Ct:premium%7Cp:3%7Cr:%7Cdev:desktop&utm_term=yamaha%20mgp32x&yclid=7667775896663918066,"//*[@id=""group_381547""]/div[2]/div[2]/div[3]/div/span[1]"
https://www.e-katalog.ru/,https://www.e-katalog.ru/ELECTRO-VOICE-ZLX15P.htm,"//*[@id=""price_889018""]/span[1]"
https://www.labirint.ru/,https://www.labirint.ru/books/493604/,"//*[@id=""product-specs""]/div[1]/div[6]/div[2]/div[2]/span[1]"
https://www.kid-edu.ru/,https://www.kid-edu.ru/catalog/sportivnoe_oborudovanie_i_inventar_1/khudozhestvennaya_gimnastika/lenty_dlya_khudozhestvennoy_gimnastiki/96888/,"//*[@id=""bx_117848907_96888_price""]"
https://mivex.ru/,https://mivex.ru/nabor-bulav-gimnasticheskih-l-350-mm-2-sht,"//*[@id=""product""]/ul[2]/li"
https://detsad-shop.ru/,https://detsad-shop.ru/detskiy-sportivnyy-inventar-ru/detskiy-sportivnyy-inventar/obruch-d-60sm-oblegchennyj.html,"//*[@id=""sec_discounted_price_1334""]"
https://rusexpress.ru/,https://rusexpress.ru/products/obruch-diametr-80-cm-cvet-goluboy?utm_campaign=Ekb&utm_content=5054586&utm_medium=cpc&utm_source=yamarket&utm_term=5054586&ymclid=16087380563693849436600007,/html/body/div[7]/main/div/div[3]/div[3]/div[1]/div[1]/div[2]/div[11]/div/div[2]/div/div[1]/div/div/div[1]
http://www.povsport.ru/,http://www.povsport.ru/catalog/oborudovanie_dlya_sportzala/veselye_starty/149663/,"//*[@id=""bx_117848907_149663_price""]"
https://mhlopka.ru/,https://mhlopka.ru/lenta-gimnacticheckaya-shir-2-5cm-na-kol-ce-0-5-m-art-ii28.html,"//*[@id=""content""]/div[1]/div[2]/div[4]/div[1]/div/span"
https://td-pd.ru/,https://td-pd.ru/oborudovanie-dlya-detskogo-sada/sportivnoe-oborudovanie/oborudovanie-dlya-sportivnogo-zala/flazhki-sultanchiki-flazhnyye-lenty/sultanchiki/sultanchik-na-kolce-fontanchik.html,"//*[@id=""main-product-price price""]/span"
https://krasnodar.domsporta.com/,https://krasnodar.domsporta.com/goods/shchit_dlya_metaniya_v_tsel_m1113_mishen_navesnaya_na_stenku_gimnasticheskuyu_70kh70sm/,"//*[@id=""all""]/section/div[3]/div/div/div[2]/div[3]/div[1]/span"
http://aquaarea.ru/,http://aquaarea.ru/catalog/sportivnye_basseyny/sport_inventar/18901/,"//*[@id=""bx_117848907_18901""]/div[2]/div/div[2]/div[1]/div[1]/div[2]/div/div/span/span[1]/span[1]"
https://www.sport-spb.ru/,https://www.sport-spb.ru/katalog/osnashenie-detskoy-igrovoy-komnaty/palka-korotkaya-45-00.html,/html/body/div[1]/main/div[1]/div/section[1]/div[2]/div[2]/div/div[2]/div/div/ins
https://www.atlet-sport.ru/,https://www.atlet-sport.ru/product/skamya-gimnasticheskaya-myagkaya-porolontent-na-metallicheskih-nozhkah-2m,"//*[@id=""price-field""]"
https://rackets.ru/,https://rackets.ru/rackets-shop/power-trainers/18725-pew-gymnastic-atlet-2m-soft-imp-a495.html,"//*[@id=""block_price""]"
https://www.zavodsporta.ru/,https://www.zavodsporta.ru/setki-i-kanaty/kanat-dlja-peretjagivanija-h-b-o30mm-l-6m-art-z2vlaxmqrddl/,"//*[@id=""product_addtocart_form""]/div[3]/div[2]/div/div[1]/div[2]/dl/dd/span"
https://www.sportmaster.ru/,https://www.sportmaster.ru/product/10535400/?icid=catalog/trenazhery_i_fitnes_/oborudovanie_dlya_fitnesa/kovriki/|sort_DN|10535400#http://recs.richrelevance.com/rrserver/apiclick?a=1b3ec00b69aa8a3c&cak=dd7046b11b172a92&channelId=dd7046b11b172a92&vg=0515046b-bbce-4a92-dbdd-975da412da00&stid=276300&pti=4&pa=23034&pos=1&p=10535400&s=&u=&rid=ec44c0ee-bf24-41c8-9e1c-76136ab05cbf,"//*[@id=""viewport""]/div[3]/div[3]/div[1]/div[3]/div[2]/div/div[1]/div/div/div/div/sm-amount/span/text(),//*[@id=""viewport""]/div[3]/div[3]/div[1]/div[3]/div[3]/div/div[1]/div/div/div/div/sm-amount/span/text()"
https://www.demix-sport.com/,https://www.demix-sport.com/product/25095980299/?categoryId=12888980299,"//*[@id=""layout""]/main/div/div/div[2]/div[2]/div[2]/div"
https://154pro.ru/,https://154pro.ru/catalog/tovary_dlya_sporta/myach_voleybolnyy_rossiya_razmer_5_678393/,"//*[@id=""bx_117848907_29001""]/div/div[3]/div[2]/div[2]/div/span/span[2]"
https://molly-sp.ru/,https://molly-sp.ru/goods/2591950,"//*[@id=""g2591950""]/div[2]/div[1]/div[1]"
https://cheljabinsk.akusherstvo.ru/,https://cheljabinsk.akusherstvo.ru/catalog/402294-myach-dlya-fitnesa-jogi-i-pilatesa-fitbol-25/,"//*[@id=""tovar_price_402294""]"
https://novosibirsk.fitnessdoctor.ru/,https://novosibirsk.fitnessdoctor.ru/product/medball_1kg/,"//*[@id=""cart-form""]/div[1]/div[1]/span"
https://ekaterinburg.all-sport-shops.ru/,https://ekaterinburg.all-sport-shops.ru/o1215/miach-rezinovyi-sl-chempion-10-sm,"//*[@id=""Details""]/p[1]/span[1]"
https://www.vseinstrumenti.ru/,https://www.vseinstrumenti.ru/electrika-i-svet/uchet-i-kontrol/rele-vremeni-tajmery/na-din-rejku/abb/t1-s-datchikom-1-diapazon-2csm295563r1341/,"//*[@id=""b-product-info""]/section[1]/div[2]/div[3]/div[1]/span[1]"
https://e-kc.ru/,https://e-kc.ru/cena/bezboltovoj-derzhatel-nd2115-dkc-dks,"//*[@id=""2449458""]/td[3]/span[1]"
https://svetelektro.net/,https://svetelektro.net/lightning-protection-and-grounding/nd2311-dkc.html?utm_source=market.yandex.ru&utm_term=3663&_openstat=bWFya2V0LnlhbmRleC5ydTvQodC60L7QsdCwLdC00LXRgNC20LDRgtC10LvRjCDQv9C-0LvQvtGB0YsgNDUg0LzQvCBORDIzMTEsIERLQztOdHpjT0lZRW5pQzY4dU1yeldTbEl3Ow&ymclid=16086646453653106516000001,"//*[@id=""productPrice3663""]/div[2]/div/span"
https://socket-t.ru/,https://socket-t.ru/89683/?_openstat=bWFya2V0LnlhbmRleC5ydTtES0MgLyDQlNCa0KEgTkQyMzExINCh0LrQvtCx0LAt0LTQtdGA0LbQsNGC0LXQu9GMINC_0L7Qu9C-0YHRiywgNDUg0LzQvDtpc2JfRmpGVU5IczYya3VpUjY2czF3Ow&ymclid=16086646453653106516000002,"//*[@id=""cart-form""]/div[1]/div/div/div/div[2]/strong"
http://yunimag.ru/,http://yunimag.ru/goods/720323-derzhatel-polosy-25h4mm-dks-nd2311.html?from=yamark&ymclid=16086650090005671406500007,/html/body/div/div[2]/div[2]/div[4]/div[2]/span[1]
https://ips-energo.ru/,https://ips-energo.ru/molniezasshita-dkc/138-derzhatel-kruglyj-plastikovyj-s-betonom-nd2101.html,"//*[@id=""center_column""]/div/section[1]/div/table[1]/tbody/tr[3]/td[7]/span"
http://www.osvete.ru/,http://www.osvete.ru/prices/dkc-nd2101-kruglyj-plastik-derjhatel-s-betonom-s-plastik_r762775,"//*[@id=""pubConteiner""]/div[3]/div[4]/span"
https://www.220-volt.ru/,https://www.220-volt.ru/catalog-138296/,"//*[@id=""price_per_m""]"
https://spb.ledpremium.ru/,https://spb.ledpremium.ru/catalog/lampy-lyuminestsentnye-uluchshenoy-tsvetoperedachi/lampa_lyuminestsentnaya_he_14w_840_14vt_t5_4000k_g5_osram_4050300464688/,"//*[@id=""product-page""]/div/div[4]/div[2]/div/span[1]"
https://www.elektro.ru/,https://www.elektro.ru/catalog/detail/gloss_led_20_a15_2700k/,"//*[@id=""product_one__price""]/div/div[1]/div[2]/span"
https://chichiko.ru/,https://chichiko.ru/product/detskiy-igrovoy-domik-kindik-k5007/,"//*[@id=""product-cart""]/div[2]/div[2]/div[1]/div[1]/span[1]"
https://bizorg.su/,https://bizorg.su/karuseli-r/p19855700-karusel-metelitsa-art-6506,"//*[@id=""main""]/div/div[1]/div[1]/div[3]/div[1]/div[2]/div/div[1]"
https://sportzakupka.ru/,https://sportzakupka.ru/good/sportivnye-mafmalye-arhitekturnye-formy/igrovoy-modul-nash-dvor-penki-4006,"//*[@id=""middle""]/div[5]/div[1]/div[1]/div[2]/a/span[1]"
http://vok-k.ru/,http://vok-k.ru/ridan-standartnyi-usel-vvoda-uy-s-050-s-v4-p-0080/,"//*[@id=""product""]/div[2]/div[2]"
https://kronzen.ru/,https://kronzen.ru/dspteplovoy-punktuys040p0063-danfoss-146b4246,"//*[@id=""content""]/div[1]/div[2]/div/div[1]/ul/li[2]/h2"
https://danfoss.pro/,https://danfoss.pro/catalog/331/danfoss_connect_187b4001/,"//*[@id=""bx_117848907_2407""]/div/div/div[2]/div[5]/div[1]/div/div/div"
https://teplosnab24.ru/,https://teplosnab24.ru/production/avtomatika-2/kontrolleryi-i-dispetcherizatsiya/comfort-contour/shkaf-dispetcherizacii-comfort-contour-187b4001/,"//*[@id=""fw_c""]/div[2]/div[1]/div[2]/div[1]/div/div/text()"
https://www.akvahit.ru/,https://www.akvahit.ru/product/shkaf-dispetcherizatsii-connect/,"//*[@id=""main""]/section[1]/div/div[1]/div[2]/div[2]/div[1]/div/strong[1]"
https://mitsubishi-e.ru/,https://mitsubishi-e.ru/mitsubishi-electric-ms-gf20va-mu-gf20va.php?utm_source=yandex&utm_medium=cpc&utm_campaign=search|43260043&utm_content=phrase_id|16769223677|gid|3818802678|aid|7495025549&utm_term=MU-GF20VA&type=search&source=none&added=no&block=premium&pos=1&device=desktop&region=region_name|Губкинский|region_id|11228&yclid=5631241375298913206,"//*[@id=""content""]/div[4]/div/div[1]/div[1]/div[2]/form/div/span[2]"
https://mitsubishi-electric-russia.com/,https://mitsubishi-electric-russia.com/catalog/kondicionery-mitsubishi-electric/nastennye-kondicionery-mitsubishi-electric/mitsubishi-electric-ms-gf-va---mu-gf-va/mitsubishi-electric-serii-ms-gf20va---mu-gf20va.html,/html/body/div[3]/table/tbody/tr/td[3]/div[2]/table/tbody/tr/td[3]/div[1]/text()
https://electric-mitsubishi.ru/,https://electric-mitsubishi.ru/mitsubishi-electric-msz/ms-gf20va,"//*[@id=""content""]/div[1]/div/div[2]/div[3]/div[1]/span/span"
https://klimatisspb.ru/,https://klimatisspb.ru/shop/product/komplekt-bloka-upravleniya-rotaciej-i-rezervirovaniem-kondicionerov-burr-1-h1-bis-1m-h2,/html/body/div[2]/div/main/div/form/div[2]/div[2]/div[1]/div/strong
https://mitsubishi-electric-russia.ru/,https://mitsubishi-electric-russia.ru/komplekt-sistemy-rotatsii,"//*[@id=""product""]/div/div/div[2]/h2/span"
https://climat24.ru/,https://climat24.ru/products/burr-bis,"//*[@id=""fn_content""]/div/div/div[1]/div/div[2]/div[2]/div/form/div[2]/div[1]/div[2]/span[1]"
https://www.electro-mpo.ru/,https://www.electro-mpo.ru/catalog/rele_puskateli_kontaktory/a4345_puskatel_magnitnyy_pml_3160m_220v_40a_1z_1r_/,"//*[@id=""price_box_96474""]/i"
https://www.el.ru/,https://www.el.ru/catalogue/control-systems/14/100,"//*[@id=""main""]/div[2]/div[1]/div[2]/div[3]/aside/div[1]/p[1]"
https://rs24.ru/,https://rs24.ru/product/226805,/html/body/div[1]/div[3]/div/div/div[2]/div/div[2]/div[1]/div[3]/form/div[2]/div[1]/div/ins
http://eto-electro.ru/,http://eto-electro.ru/catalog/elektrooborudovanie/molniezashchita_zazemlenie_ogranichiteli_perenapryazheniya/korobki_i_shkafy_s_gzsh_korobki_uravnivaniya_potentsialov_kup/62095/,"//*[@id=""bx_117848907_62095_price""]"
http://www.com-electro.ru/,http://www.com-electro.ru/product16950,/html/body/table/tbody/tr[3]/td[2]/table/tbody/tr/td[3]/div
https://e-kc.ru/,https://e-kc.ru/cena/sv-zaschitnye-paneli-klemm-podklyucheniya-2sht-9344530,"//*[@id=""2552396""]/td[3]/span[1]"
https://www.mege.ru/,https://www.mege.ru/catalog/prinadlezhnosti_68/9344530/,/html/body/div[2]/div[4]/div[3]/div/div[1]/div/div/div[4]/div[1]/div[2]/span
https://www.etm.ru/,https://www.etm.ru/cat/nn/9810757/,"//*[@id=""top""]/section/section/div[3]/div[2]/div[1]/span[2]/text()"
https://www.vseinstrumenti.ru/,https://www.vseinstrumenti.ru/electrika-i-svet/avt-i-uz/avtomaticheskie-vyklyuchateli/trehpolyusnye/dekraft/11080dek-121921/,"//*[@id=""b-product-info""]/section[1]/div[2]/div[3]/div[1]/span"
https://euro-avtomatika.ru/,https://euro-avtomatika.ru/product/dekraft-16004dek-dif-avtomat-1r-n-20a-30ma-tip-ac-kh-ka-s-dif-102-4-5ka/,"//*[@id=""bx_117848907_167419""]/div/div[2]/div[2]/div[2]/div/div[1]/div/div[1]/div[1]/div[1]/div[2]/div/span[1]/span[1]"
https://www.tesli.com/,https://www.tesli.com/product/difavtomat-dekraft-1972792/,/html/body/div[1]/div[3]/div[2]/div[1]/div[2]/div[3]/div/div[2]/span/text()
https://pro-obogrev.ru/,https://pro-obogrev.ru/shop/greiushchii-kabel/ustroistva-upravleniia/termostat-raychem-hts-d/,"//*[@id=""mainprice""]"
https://www.kabel-pro.ru/,https://www.kabel-pro.ru/catalog/element/386/,/html/body/div[4]/div[3]/div[1]/div[2]/div[1]/div/div[2]/div[2]/div[1]/form/div[1]
http://antiled.ru/,http://antiled.ru/termostat-raychem-hts-d-thermostat,"//*[@id=""price1535""]/span"
https://www.computermarket.ru/,https://www.computermarket.ru/main/catalog/catid/1659938.aspx,"//*[@id=""cost""]/text()"
https://andpro.ru/,https://andpro.ru/catalog/pc/nastolnyy_kompyuter_acer_veriton_es2730g_microtower_dt_vs2er_008/,/html/body/div[1]/div[3]/div/div[2]/div[2]/div[2]/div[1]/span[1]
https://www.stabiz.ru/,https://www.stabiz.ru/catalog/computers/desktop-computers/computers-acer/dt-vs2er-008.html,"//*[@id=""elementTools""]/div/div[1]/div[3]/span/span"
https://dh-russia.ru/,https://dh-russia.ru/product/dhl19-f600,/html/body/div[1]/main/div/section/div[1]/div[2]/div[2]/div/text()
https://www.citilink.ru/,https://www.citilink.ru/catalog/photo_and_video/video_observation/cctv_monitors/1079144/,"//*[@id=""product-item-1405015""]/div[2]/div[1]/div[5]/div[1]/div[2]/div/span/span[1]"
https://www.dahua.market/,https://www.dahua.market/monitory/dhl19-f600-vj,"//*[@id=""content""]/div[2]/div/div[2]/div[3]/span[2]/span"
https://www.tinko.ru/,https://www.tinko.ru/catalog/product/230414/,"//*[@id=""vue-app""]/section/div/div[2]/div[1]/div[3]/div[2]/div[2]/div[1]/div[1]/div[1]/span"
http://altonika.su/,http://altonika.su/RS-202TD-RR,/html/body/div/div[3]/div[1]/div/div[2]/div/strong[1]/text()
https://luis.ru/,https://luis.ru/catalog/okhranno_pozharnye_sistemy/pribory_priemno_kontrolnye/rs_202td_rr_peredatchik_kommunikator_/,"//*[@id=""bx_117848907_447995_price_retail""]/text()"
https://rackmarket.ru/,https://rackmarket.ru/catalog/shkafy-i-stoyki/napolnye-shkafy/gyders-gdr-276060b/?utm_source=yandex&utm_medium=cpc&utm_campaign=Артикулы+Gyders+-+Поиск+|+Прайсовая+-+Россия&utm_term=GDR-276060B&utm_content=grp_4320384937|ban_9690874527|ph_22594790716|retarg_|src_none|pst_premium|ps_1&yclid=5635524510094487978,"//*[@id=""bx_117848907_26411_price""]"
https://gyders.ru/,https://gyders.ru/products/rack2/GDR-276060B.html,/html/body/div[1]/div[1]/div[3]/div[3]/div/div[1]/a/span
https://ats-moskva.ru/,https://ats-moskva.ru/catalog/servernye-shkafy/serverny-shkaf-napolniy/servernyj-telekommunikacionnyj-skaf-19-27u-napol-nyj-gyders-gdr276060b,"//*[@id=""fix_right_block""]/div[2]/div[1]/span"
https://www.xcom-shop.ru/,https://www.xcom-shop.ru/cabeus_pl-48-cat6a-dual_518239.html,"//*[@id=""card-info""]/div[2]/div[2]/div[1]/div"
https://as-en.ru/,https://as-en.ru/patch-panel-cabeus-pl-48-cat6a-dual-idc-19-2u.html,"//*[@id=""cart_quantity""]/div/div/div/div[2]/div/div[2]/div[2]/div[1]/span"
https://redutsb.ru/,https://redutsb.ru/product/cabeus-pl-48-cat__6a-dual/,/html/body/div[3]/section/section[2]/div[2]/div[1]/div[1]/div[3]/div[2]/div[2]/table/tbody/tr[2]/td[2]/div/text()
https://shop.nag.ru/,https://shop.nag.ru/catalog/00001.kommutatory/40213.fiksirovannye-kommutatory/24912.snr-s2985g-48t-rps,"//*[@id=""main""]/div[2]/div[2]/div/div[2]/div/div/div/div/div[2]/div[2]/div[1]/div[2]/span[1]"
https://born-shop.ru/,https://born-shop.ru/catalog/168722.html,"//*[@id=""price_number""]"
http://satpro.ru/,http://satpro.ru/text/show/upravlyaemyj-gigabitnyj-kommutator-snr-s2985g-48t-rps,"//*[@id=""item""]/div/div[1]/div[2]/div/div[3]/div[3]/div/div/p[1]/text()"
https://mikrotik.ru/,https://mikrotik.ru/katalog/katalog/hardware/routers/soho/RB3011UiAS-RM,/html/body/main/div/div/div[2]/div/div[1]/div[2]/div[1]/div[2]/span/text()
https://www.dns-shop.ru/,https://www.dns-shop.ru/product/609529bc1beb3330/marsrutizator-mikrotik-rb3011uias-rm/opinion/,"//*[@id=""pc-eZLB""]/div[2]/div[7]/div[1]/div/div[1]"
https://www.layta.ru/,https://www.layta.ru/beward-bk1232h-p16.html,/html/body/schema[2]/section[1]/div/div[3]/div[3]/div[2]/span[2]/text()[1]
http://beward-td.ru/,http://beward-td.ru/BK1232H-P16-БЕВАРД,/html/body/div/div[3]/div[1]/div/div[2]/div/strong[1]/text()
https://www.beward-shop.ru/,https://www.beward-shop.ru/ip-camers/snyaty-s-proizvodstva/series-B/beward-b2710rzk/,"//*[@id=""content-bar""]/div[1]/div[2]/div[1]/div[3]/text()"
https://securtv.ru/,https://securtv.ru/catalogue/sistemy-videonabludenia/videokamery/ip-videokamery/catalogue_B2710RZK-7-22-mm-chernyy.html,"//*[@id=""body""]/div[1]/div[3]/div[2]/div[1]/div[2]/div[2]/div[2]/div[1]/div/p/xspan"
https://www.onlinetrade.ru/,https://www.onlinetrade.ru/catalogue/ip_kamery_dlya_ulitsy-c333/beward/ip_kamera_beward_b2710rzk_2.8_11mm-2096131.html,"//*[@id=""goods_content""]/div[1]/div[4]/div[2]/div[1]/div[1]/div/span/span"
https://www.beward.ru/,https://www.beward.ru/katalog/ip-kamery/ip-kamery-serii-b1000/ip-kamera-b2710dr/,"//*[@id=""wrapper""]/div/div[2]/div[1]/div[2]/table/tbody/tr[4]/td[1]"
https://www.aktivsb.ru/,https://www.aktivsb.ru/prod-18729.html,/html/body/div[1]/div/div/div/div/div/div[2]/div/div[2]/div[1]/div[2]/div
https://technopoint.ru/,https://technopoint.ru/product/8504a25c47303330/4-tb-zestkij-disk-wd-purple-wd40purz-sale/,"//*[@id=""pc-QEA3""]/div[2]/div[7]/div[1]/div/div[1]/text()"
https://www.dssl.ru/,https://www.dssl.ru/products/smt-2233/,"//*[@id=""bx_117848907_77863_price""]/div/span/span[1]"
https://www.svyaznoy.ru/,https://www.svyaznoy.ru/catalog/notebook/7067/5789351,/html/body/div[7]/div/div[2]/div[2]/div[1]/div[2]/div[2]/text()
https://ibp-eaton.com/,https://ibp-eaton.com/eaton-9130/eaton-9130-1500/,/html/body/div[1]/div[3]/div[2]/div/div/div[1]/div[2]/div[3]/p/span
https://upscenter.ru/,https://upscenter.ru/ibp/eaton-power/eaton9130/eaton_powerware_9130-1500_1500va,"//*[@id=""middle""]/div/div[1]/div[1]/div[2]/div[2]/div[1]/div/text()"
http://www.best-generators.ru/,http://www.best-generators.ru/catalog/ibp/eaton/eaton-9130rm-1500-ba-1-35/,/html/body/div[1]/div/section/div[2]/div/div[1]/div[2]/div/div[1]/div[2]/b
http://www.beloten.ru/,http://www.beloten.ru/catalog/ibp/brend/eaton/ibp-eaton,/html/body/div[3]/div[2]/main/div/div/div/div[2]/div[2]/div/section[1]/form/div/div[2]/div/div[3]/div/div[2]/div/div/div/div[2]/span[1]/text()
https://www.mvideo.ru/,https://www.mvideo.ru/products/mysh-a4tech-op-720-1100000081998,/html/body/mvid-root/div/mvid-pdp/mvid-layout/div/main/mvid-pdp-general/div/mvid-general-details/section/div[2]/div/div[2]/mvideoru-product-details-card[1]/mvid-price/div/p/span[1]
https://www.nix.ru/,https://www.nix.ru/autocatalog/mouse_a4/A4Tech-Optical-Mouse-OP-760-Black-RTL-USB-3btn-plus-Roll_441099.html,"//*[@id=""add_to_cart""]/div[1]/span"
https://sbermegamarket.ru/,https://sbermegamarket.ru/catalog/details/blok-bespereboynogo-pitaniya-apc-be700g-rs-100000037880/?merchantId=3957&utm_source=pricelist&utm_medium=cpc&utm_campaign=nadavi_regions,"//*[@id=""app""]/main/div/div[1]/div[2]/article/div[2]/div[3]/div[3]/div/div/div[2]/div[1]"
https://венторус.рф/,https://венторус.рф/catalog/energoflex_super/energoflex_super_sk_trubki_/trubki_energoflex_super_sk_28_13_2/,"//*[@id=""content""]/div[2]/div[5]/div[7]/div[1]/div[1]/table/tbody/tr[7]/td[2]/div/span[1]"
https://cherepovets.ts-krovizol.ru/,https://cherepovets.ts-krovizol.ru/catalog/product/trubka-energoflex-super-sk-28-13-2/,"//*[@id=""content""]/div/div[4]/div[3]/div[4]/div[2]/div[1]/div/span/text()"
https://comtermo.ru/,https://comtermo.ru/products/teploizolyatsiya-dlya-trub-energoflex-super-sk-28-9-2-28x9-mm-shtanga-2-m-tsvet-seryy/,/html/body/div[3]/div[4]/div[1]/div/div[2]/div/div[2]/div[3]/div/div[1]/div[1]/div[2]/span[2]/text()
https://www.teremonline.ru/,https://www.teremonline.ru/catalog/otoplenie/teploizolyatsiya/3541_dlya-trub/energofleks-trubka-super-sk-289-v-upakovke-168-m/,/html/body/div[3]/div[7]/div[1]/div/div[6]/div/div[4]/div[2]/div[1]/div/span[2]/span
https://stot.ru/,https://stot.ru/trubka-energoflex-super-sk-60-9-2.html,"//*[@id=""product""]/div/div[1]/div[2]/div/span"
https://www.sankomsamara.ru/,https://www.sankomsamara.ru/teploizolyaciya/teploizolyaciya-iz-vspenennogo-polietilena/teploizolyaciya-rulonnaya/25844-rulon-teploizolyacionnij-energoflex-super-al-s-pokritiem-alyuminievoj-folgoj-rols-isomarket-15mm-h-1m-h-7m,"//*[@id=""product""]/div[2]/p[1]"
https://www.lider-santeh.ru/,https://www.lider-santeh.ru/catalog/truby-i-fitingi/teploizolyatsiya/teploizolyatsionnye-rulony/rulon-teploizolyatsionnyy-energoflex-super-al-s-pokrytiem-alyuminievoy-folgoy-rols-isomarket-15mm-kh/,"//*[@id=""bx_117848907_49762_price""]/span[2]"
https://tv-sistem.tiu.ru/,https://tv-sistem.tiu.ru/p46041733-usilitel-signala-853.html,/html/body/main/article/div[2]/div[1]/div[3]/div[1]/div/p/span[1]
https://tdatm.ru/,https://tdatm.ru/catalog/promyshlennoe_setevoe_oborudovanie/usiliteli/usilitel_planar_vkh800_mod_853.html,"//*[@id=""elementTools""]/div/div[1]/a/text()"
https://www.satcraft.ru/,https://www.satcraft.ru/index.php?fuseaction=catalog&mod_id=258,"//*[@id=""idTableMain""]/tbody/tr[2]/td/table/tbody/tr/td[3]/table/tbody/tr[3]/td/table/tbody/tr/td[1]/table/tbody/tr[6]/td/table/tbody/tr/td[2]/table/tbody/tr[1]/td/table/tbody/tr/td[2]/table/tbody/tr[1]/td/table/tbody/tr[1]/td[2]/u"
https://kitsanshop.ru/,https://kitsanshop.ru/chasovaya_stanciya_pik_3m,"//*[@id=""content""]/div[1]/div[2]/div/div[3]/div[1]/span[2]"
http://www.td-timer.ru/,http://www.td-timer.ru/catalog/chasy-pervichnye/pik-3m.htm,/html/body/div[1]/div/table/tbody/tr/td/table[3]/tbody/tr[1]/td[1]/form/table/tbody/tr/td[2]/table/tbody/tr[1]/td/center/b
https://leht.ru/,https://leht.ru/product/chasy-vtorichnye-strelochnye-ofisnye-vchs-03-vch-03-03-diametr-285mm/,
https://videoglaz.ru/,https://videoglaz.ru/dopolnitelnoe-oborudovanie-k-turniketam-i-kalitkam/rostov-don/rostov-don-shtanga-turniketa-tripoda-antipanika,"//*[@id=""good-item-33779""]/div[2]/div[3]/div[2]/div[1]/b/text()"
https://satro-paladin.com/,https://satro-paladin.com/catalog/product/96763/,/html/body/div[5]/div/div/div/div/div/div[2]/div[2]/div[2]/div[3]/div[1]/text()
https://оздс.рус/,https://оздс.рус/product/bpi-m1-d-333-bazovyj-blok/,"//*[@id=""product-973""]/div[2]/h5"
https://liftzavod.ru/,https://liftzavod.ru/catalog/passazhirskiy-lift/liftmrl/LiftOTISgp1000kgbezMPvokrashennoystali/ ,"//*[@id=""summa_215""]"
https://kaluga.vseinstrumenti.ru/,https://kaluga.vseinstrumenti.ru/electrika-i-svet/avt-i-uz/avtomaticheskie-vyklyuchateli/trehpolyusnye/abb/avtomaticheskij-modulnyj-vyklyuchatel-abb-3p-c-s203-6ka-20a-2cds253001r0204/,"//*[@id=""b-product-info""]/section[1]/div[2]/div[3]/div[1]/span"
https://avselectro.ru/,https://avselectro.ru/catalog/nizkovoltnoe-oborudovanie/modulnoe-oborudovanie/avtomat-vyklyuchateli/trekhpolyusnye/72210,"//*[@id=""item-72210detail""]/div[1]/div[2]/div[3]/ul/li[1]/span/font"
https://www.inkomos.ru/,https://www.inkomos.ru/catalog/avtomaticheskie_vyklyuchateli/modulnye_vyklyuchateli/vyklyuchatel_avtomaticheskiy_trekhpolyusnyy_s803c_125a_c_25ka_s803c_c125_2ccs883001r0844_abb.html,"//*[@id=""smallElementTools""]/div/div[1]/a/span/span[1]"
https://www.asberg.ru/,https://www.asberg.ru/shop/avtomaticheskie_vyklyuchateli/avtomaticheskie_vyklyuchateli_modulnye/2ccs883001r0844/,"//*[@id=""price_items""]"
https://www.elevel.ru/,https://www.elevel.ru/shop/avtomaticheskie-vyklyuchateli/statsionarnye-avtomaticheskie-vyklyuchateli/abb-vyklyuchatel-avtomaticheskiy-xt4n-250-ekip-ls-i-in-250a-3p-f-f/,"//*[@id=""price""]"
https://www.elektro.ru/,https://www.elektro.ru/catalog/detail/vyklyuchatel_avt_t5s_400_pr221-ls_i_in400_3p_f_f/,"//*[@id=""product_one__price""]/div/div[1]/div[2]/span"
https://shop220.ru/,https://shop220.ru/2csr256040r1204-differentsialnyy-avtomat-abb-4-polyusnyy-ds203nc-c20-ac30-4-modulya.htm,"//*[@id=""item_149992""]/tbody/tr[1]/td[2]/table/tbody/tr/td[1]/table[1]/tbody/tr[1]/td/span[3]"
https://www.you-com.ru/,https://www.you-com.ru/product/123937?_openstat=bWFya2V0LnlhbmRleC5ydTvQotC-0YfQutCwINC00L7RgdGC0YPQv9CwIFViaXF1aXRpIFtVQVAtQUMtUFJPLUVVXSBVbmlGaSBBUCBBQyBQcm87clRwYzlzSkhpRGNGTlV6ZDBLTGZKdzs&ymclid=16138926845854524520400001,/html/body/div[6]/div[3]/div[2]/div[2]/div/text()
https://www.regard.ru/,https://www.regard.ru/catalog/tovar218802.htm?ymclid=16138926845854524520400004,"//*[@id=""hits-long""]/div[1]/div[2]/div[1]/div[3]/div[3]/span[2]/span"
http://telesvoboda.ru/,http://telesvoboda.ru/shop/details.php?id=50,/html/body/div[2]/div[2]/div[2]/div[1]/div[2]/div[2]/div/div[1]
https://probatum-est.ru/,https://probatum-est.ru/catalog/thermostats/Raychem-EMDR-10/,"//*[@id=""white_price""]/span"
https://msk.alfaopt.com/,https://msk.alfaopt.com/catalog/greyushchiy_kabel/sst_promyshlennyy_obogrev/reguliruyushchaya_apparatura_i_datchiki/termometr_soprotivleniya_ts_1388_5_pt100_50_200c_50mm_6_1500mm_kmm_se_v_n3/,"//*[@id=""bx_117848907_183600""]/div[2]/div/div[2]/div[1]/div[1]/div[1]/div/div/span/span[1]/span[1]"
https://rilight.ru/,https://rilight.ru/catalog/termometr-soprotivleniya-ts-1388-5-pt100-50-200c-50mm-6-1500mm-kmm-se-v-n3/,"//*[@id=""bx_117848907_585187_price""]/text()"
https://omsk.tiu.ru/,https://omsk.tiu.ru/p470705652-shkaf-elektricheskij-nizkovoltnyj.html,"//*[@id=""page-block""]/div/div[4]/div[1]/div[3]/div[2]/div[2]/div[1]/div/div[4]/div/span/span"
https://alfaopt.ru/,https://alfaopt.ru/p470705652-shkaf-elektricheskij-nizkovoltnyj.html,/html/body/div[4]/div[3]/div/div/div[2]/div[1]/div/div/div[2]/div[1]/div/p/span[1]
https://miobi.ru/,https://miobi.ru/skaf-elektriceskii-nizkovoltnyi-su-tm-3-80-2000-400_22361,"//*[@id=""wrapper""]/div[2]/div[3]/div/div[1]/div/div[2]/div[1]/text()"
https://z-energo.com/,https://z-energo.com/catalog/shchit-elektrosnabzheniya-shkolnyy-shchesh-1200-u3-do-30-mest/,"//*[@id=""bx_117848907_9885_price""]"
https://www.rektor.ru/,https://www.rektor.ru/product/shchit_elektrosnabzheniya_kabineta_shchesh_1200/,"//*[@id=""content""]/div/div/div/div[1]/div[2]/div[2]/table/tbody/tr[1]/td[2]/div/span"
https://компания-партнер.рус/,https://компания-партнер.рус/products/shchit-elektrosnabzheniya-kabineta-shchesh-1200,"//*[@id=""products-show""]/div[1]/div/div[1]/div[2]/div[4]/div/div/div[1]/span"
https://vodadomu.ru/,https://vodadomu.ru/avtomaticheskie-klapany-dlya-filtrov-bezreagentnye/fleck-3150-nxt-2-tc-filter-nhwb.html,"//*[@id=""block_price""]/span"
https://watersmarket.ru/,https://watersmarket.ru/fleck-3150/,"//*[@id=""page-131""]/div[1]/div/div/div[1]/section[1]/div[3]/div[3]/div/div[1]/b"
https://gidrositi.ru/,https://gidrositi.ru/catalog/upravlyayushchie_klapany/fleck_3150_filter_chrono_tm/,"//*[@id=""bx_117848907_788_price""]/span/span[1]"
https://termosklad.ru/,https://termosklad.ru/all/elektromagnitnye-solenoidnye-klapany/elektromagnitnye-klapany-normalno-zakrytye-220-v/jelektromagnitnyj-klapan-ceme-normalno-zakrytyj-220-v-1-1-2-8618nn390sbdf/,"//*[@id=""cart-form""]/div[1]/span"
https://www.stm66.ru/,https://www.stm66.ru/p/klapan-solenoidnyy-ev220b-nz-ceme-ev220b-nz-8618nn390sbdf/,"//*[@id=""container""]/div[2]/main/section[1]/div/div[4]/div[3]/div[2]/div[1]/div/div[2]/div/div[1]/div/span/text()"
https://www.bassein-servis.ru/,https://www.bassein-servis.ru/catalog/avtomatika/upravlenie-podogrevom/elektroklapan-ceme/8618/,"//*[@id=""form_id""]/div[1]/text()"
https://zenova.ru/,https://zenova.ru/category/solenoidnyje-dozirujushhije-nasosy/model/tekna-evo-tpg-603,"//*[@id=""top""]/div[1]/div[2]/div/div[2]/div[2]/div[1]/div/div/div/div[1]"
https://www.ecovita.ru/,https://www.ecovita.ru/catalog/komplektuyushchie-dlya-ochistki-vody/korpusy-zasypnykh-filtrov/canature-3072.html,"//*[@id=""bx_117848907_5945""]/div[2]/div/div[2]/div[1]/div/div[1]/div/div/span[1]/span[1]"
https://ruswater.com/,https://ruswater.com/catalog/filtry-dlya-chastnogo-doma/komplektuyushchie-1/korpusa-zasypnykh-filtrov/korpus-filtra-canature-3072-4-t-b/,"//*[@id=""bx_117848907_9673""]/div/div[2]/div[4]/div[1]/div/div[1]/div/div[1]/div[1]/div[1]/div/div/div/span[1]"
https://mirsantekhniki.ru/,https://mirsantekhniki.ru/nasosy/aksessuary-k-nasosam/avtomatika-dlya-nasosov/vyklyuchatel-poplavkovyy-watts-igd-3m-s-protivovesom/,"//*[@id=""cart-form""]/div[5]/div/div[1]/div[1]/span"
https://www.proklimat.com/,https://www.proklimat.com/catalog/product/vyklyuchatel_poplavkovyy_watts_igd_3/,"//*[@id=""bx_117848907_10614""]/div[2]/div/div[2]/div[1]/div[2]/div[2]/div/div/span/span[1]/span[1]"
https://теплоучет24.рф/,https://теплоучет24.рф/katalog_oborudovanija/rashodomeri/prem/du50-mm/preobrazovatel-prem-50-gs-l0-0-c1/,/html/body/div[9]/div[2]/div[2]/div/div/div[2]/div[1]/div[1]/div/div/div[2]/div/div[5]/div[1]/div/span/text()
https://www.elta-tsp.com/,https://www.elta-tsp.com/catalog/raskhodomery/elektromagnitnye/6433/,"//*[@id=""bx_117848907_6433_price""]/text()"
https://www.santech.ru/,https://www.santech.ru/catalog/469/479/i41396/v139048/,"//*[@id=""js-view-variant""]/div[2]/div/div[1]/div[1]/div/span[2]"
https://www.teploprofi.com/,https://www.teploprofi.com/catalogue/show/grundfos-hydro-multi-e-3-cme10-02-98494952/,"//*[@id=""product""]/div[1]/div[1]/div[2]/div[4]/div[3]/span[1]/span[2]"
https://gf-shop.ru/,https://gf-shop.ru/ustanovka-povysheniya-davleniya-grundfos-hydro-multi-e-3-cme10-02-u2-a-a-a-a,"//*[@id=""content""]/div[1]/div[1]/div/div[2]/ul[2]/li[1]/span"
https://www.torgpool.ru/,https://www.torgpool.ru/uf-ustanovka-odv-5-2-moshchnostyu-40-vt-2-m3chas-npo-kristall-1-1-1-1-1-1/,"//*[@id=""cart-form""]/div[1]/div[1]/p/span"
https://promvodsnab.ru/,https://promvodsnab.ru/filtry-dlya-vody/sistemy-ochistki-zasypnye/osvetlitelno-obezzhelezivayushchij/vodoochistnaya-ustanovka-pvs-so-ffl-to-3072-rx/,/html/body/div[3]/div[2]/div[2]/div/div/div/div[2]/div[2]/div/div[1]/form/div/div[4]/div/div[3]/div/div[2]/div/div[1]/div/div[2]/span[1]/text()
https://filter-spb.ru/,https://filter-spb.ru/products/фильтр-обезжелезиватель-bf3072-77в1/,"//*[@id=""content""]/div[3]/div[2]/div/div[2]/div[1]/h3"
https://aquasolution.ru/,https://aquasolution.ru/filtr-dlya-vody-ot-zheleza-iz-skvazhiny-acm-3072-rr,"//*[@id=""content""]/div[1]/div[1]/ul[1]/div[2]/ul[1]/li/h3/text()"
https://grundnasos.ru/,https://grundnasos.ru/product/tsirkulyatsionnyy-nasos-grundfos-magna3-32-100,"//*[@id=""price-field""]"
https://omsk.artem-tools.ru/,https://omsk.artem-tools.ru/catalog/sadovaya-tekhnika/nasosy/nasosy-tsirkulyatsionnye/tsirkulyatsionnyy-nasos-magna3-32-1_165051/,"//*[@id=""main""]/div[3]/div/div/div[1]/div[3]/div[1]/div[1]/div/div[2]"
https://alphanets.ru/,https://alphanets.ru/catalog/aesp-rec-6278s-gbb-bk-shkaf-napolnyy-mtk-19-27u-1387x600x800,"//*[@id=""node-160371""]/div[1]/div[2]/div/div[2]/table/tbody/tr[2]/td[2]/text()"
https://srv-trade.ru/,https://srv-trade.ru/catalog/shkafy_stoyki_19_i_komponenty_sks/aesp_shkafy_stoyki_optsii/montazhnye_shkafy_i_stoyki_aesp/montazhnye_shkafy_i_stoyki_tsvet_chernyy_ral_9005/napolnye_shkafy_signapro_19_21_mtk_tsvet_chernyy_ral_9005/telekommunikatsionnye_napolnye_shkafy_signapro_19_21_mtk_tsvet_chernyy_ral_9005/,/html/body/div[1]/main/div/div/div[2]/div/div[2]/div/div[2]/div[2]/div[3]/div[2]/div[2]/div/div[2]
http://www.atmcom.ru/,http://www.atmcom.ru/cgi-bin/catalog/viewpos.cgi?in_id=218310,"//*[@id=""content""]/div[2]/div[1]/p[1]/span/span/text()[1]"
http://www.deltel.ru/,http://www.deltel.ru/shop/products/view/529090,"//*[@id=""product_info""]/table/tbody/tr/td[2]/table/tbody/tr[2]/td[2]"
https://etpgpb.ru/,https://etpgpb.ru/catalog/products/292971-filtr-mobilnyy-portativnyy-s-ponizhennym-urovnem-shuma-lf-300-v-komplekte-nastolnoe-vytyazhnoe-ustroystvo-deli-75-15s-2-sht-gibkiy-poliuretanovyy-shlang-d-100-mm-vpu-05-100-20-pog-m-homut-90-110-9-w2-din-3017-4-sht/,/html/body/div[1]/div[2]/section[1]/div/div[4]/div[2]/div[2]/div[1]/dl/dd/span[1]
https://klimat-smart.ru/,https://klimat-smart.ru/index.php?route=product/product&path=209_221_222&product_id=953,"//*[@id=""content""]/div/div[2]/ul[2]/li/h2"
https://drives.ru/,https://drives.ru/produkciya/vlt-hvac-basic-drive-fc101/danfoss-vlt-hvac-basic-drive-fc-101-3-kvt-131l9865/,/html/body/section[2]/div[2]/div/div[1]/div[1]/div[1]/div/div[2]/div[1]/div/div[2]/span/span
https://lunda.ru/,https://lunda.ru/catalog/category/c9665/product/preobrazovatel-vlt-hvac-basic-fc101-danfoss_10454.html,"//*[@id=""app_container""]/div[2]/table/tbody/tr[1]/td[10]/text()"
https://insat.ru/,https://insat.ru/prices/info.php?pid=9075,/html/body/div[1]/div[3]/div/div/div[2]/div[3]/div[1]/span[3]/span/span[3]
https://teplomash.ru/,https://teplomash.ru/teplovye-zavesy/300/teplovaya-zavesa-123005,"//*[@id=""container""]/div[2]/div/div[2]/div[1]/text()"
https://omsk.vsekondicioneri.ru/,https://omsk.vsekondicioneri.ru/teplovaya-zavesa-teplomash-kev-9p3011e/,"//*[@id=""cart-form""]/div[1]/div[1]/div[2]/div[1]/span/text()"
https://omsk.nix.ru/,https://omsk.nix.ru/autocatalog/hdd_seagate/HDD-8-Tb-SATA-6Gb-s-Seagate-Barracuda-ST8000DM004-35-256Mb_340697.html,"//*[@id=""goods-sale-price""]/span"
https://brigo.ru/,https://brigo.ru/ibp-apc-smx2200rmhv2u-smart-ups-x-2200va-41310.html?utm_medium=cpc&utm_campaign=istochniki_bespereboynogo_pitaniya&utm_source=yandex&utm_content=%7Cc:52513971%7Cg:4218047150%7Cb:9175294865%7Ck:20970342980%7Cst:search%7Ca:no%7Cs:none%7Ct:premium%7Cp:2%7Cr:%7Cdev:desktop&yclid=684879182676392628,"//*[@id=""wrapper""]/div/main/div/section[1]/div[3]/div/div[1]/div[1]/div/div/div[1]/div/div/div[1]/p[2]/span/text()"
https://goods.ru/,https://goods.ru/catalog/details/istochnik-bespereboynogo-pitaniya-apc-smart-ups-x-smx2200rmhv2u-chernyy-100000564841/?merchantId=4055&utm_source=pricelist&utm_medium=cpc&utm_campaign=nadavi_msk,"//*[@id=""app""]/main/div/div[1]/div[2]/article/div[2]/div[3]/div[3]/div[1]/div"
https://ds-hikvision.ru/,https://ds-hikvision.ru/aksessuary-hikvision/kommutatory/ds-3e1326p-e/,"//*[@id=""product-cart""]/div[3]/div[4]/div[1]/span[1]/text()"
https://ruslion.ru/,https://ruslion.ru/kommutator-d-link-dxs-1210-12sc,"//*[@id=""content""]/div[1]/div/div[2]/div[3]/span/span"
https://tatris.pro/,https://tatris.pro/catalog/ip-cameras-panasonic/cctv/ip-cameras/ip-cctv-panasonic/ip-panas-dome/panasonic-wv-s2110.html,"//*[@id=""middle""]/div/div[2]/div[2]/div[1]/div/div/div/div[2]/div/div/div[1]/div[1]/span"
https://omsk.e2e4online.ru/,https://omsk.e2e4online.ru/shop/catalog/item/?id=566086&yclid=685507222513691100&utm_source=yandex&utm_medium=cpc&utm_campaign=dynamika-omsk,"//*[@id=""content""]/div/div[2]/div[2]/div[1]/span/big/span"
https://www.knsrussia.ru/,https://www.knsrussia.ru/product/monitor-lg-24mp59g-p/?utm_source=Nadavi&utm_campaign=nadaviprice,"//*[@id=""mainform""]/main/div[1]/div[1]/div[2]/div[2]/div[2]/div[1]/span[2]"
https://frontex.ru/,https://frontex.ru/detail/6001460662/?utm_source=nadavi,"//*[@id=""bx_3956546408_1626173""]/div[1]/div[3]/div[3]/div[1]/text()"
https://www.ssd.ru/,https://www.ssd.ru/kross-shkos-m-1u-2-8-sc-8-sc-sm-8-sc-upc-,"//*[@id=""catalog-item-right""]/div[1]/div[2]/div/div[2]/div[1]/table[1]/tbody/tr/td[2]/span"
https://125mkm.ru/,https://125mkm.ru/catalog/krossy-ssd/krossy-opticheskie-stoechnye-shkos-m/23222/,"//*[@id=""bx_117848907_23222""]/div[2]/div/div[2]/div[1]/div[1]/div/div/span/span[1]"
https://www.abn.ru/,https://www.abn.ru/catalog/244330/,/html/body/div[2]/main/article/section[1]/div/div/div[2]/div[2]/div/div[2]/div/span[1]/text()
https://pos-kkm.ru/,https://pos-kkm.ru/russkaya-versiya-sajta/katalog/setevoe-oborudovanie/passivnoe-setevoe-oborudovanie/montazhnye-shkafy-i-stojki/article/shkaf-signapro-tm-27u-1387x600x800,"//*[@id=""webasyst-shop-script-product-23701259674491837""]/div/div[2]/div/div[1]/span/text()"
https://modultech.ru/,https://modultech.ru/goods/modul-sfp-wdm-1-25-gbit-s-tx-1550-rx-1310-nm-do-20-km-smf-sc/,"//*[@id=""product-7707""]/div[1]/div[2]/div/div/div[2]/div/p[1]/ins/span/bdi/text()"
https://www.vionet.ru/,https://www.vionet.ru/catalog/produkty-i-resheniya-dlya-vo-setey-ssd/moduli-sfp-opticheskie-transivery/sfp-wdm-gigalight-1-25g-tx1550-rx1310-20km-sc-ddm.html,/html/body/section/div[2]/div[2]/div[2]/div[2]/div[1]/div[2]/div[2]/b
https://garantgroup.com/,https://garantgroup.com/katalog/okhranno_pozharnye_sistemy/bolid_iso_orion/okhranno_pozharnaya_signalizatsiya_adresnaya_provodnaya_ops_izveshchateli_pozharnye_adresnye_provodn/s2000_ipdl_isp_60_izveshchatel_pozharnyy_lineynyy_odnopozitsionnyy_adresno_analogovyy/,"//*[@id=""bx_117848907_138983_price""]"
https://bolid.ru/,https://bolid.ru/production/orion/po-orion/po-arm/po-arm_110.html#shop,/html/body/main/div/div[2]/div/div[2]/div/div[1]/div/div[1]/div[1]/div/span/text()
http://www.vitacom.ru/,http://www.vitacom.ru/katalog/1_oborudovanie_ops/1_4_bolid/programmnoe_obespechenie/administrator_baz_dannyh_orion_pro/,/html/body/div[3]/div[3]/div[2]/div[2]/div[2]/span[2]
https://mon24.su/,https://mon24.su/product/pak-strelec-monitoring-isp-2-obektovaja-stancija/,"//*[@id=""product-242""]/div[2]/h5"
https://windows-office.ru/,https://windows-office.ru/catalog/windows-server-2012/sql-svr-standart-edtn-2017-english-dvd-10-clt/,"//*[@id=""bx_117848907_51786_price""]/span/text()"
https://store.softline.ru/,https://store.softline.ru/microsoft/microsoft-sql-server-standard-edition/,"//*[@id=""js-price-table-243307""]/tbody/tr/td[2]/div/div[1]/span[1]/span"
https://www.windows-soft.ru/,https://www.windows-soft.ru/catalog/product/kupit-microsoft-sql-server-2017-standard-edition-po-dostupnoy-tsene,/html/body/div[1]/div/div[1]/div[2]/div/div/div/div[3]/div[1]/span[2]/text()
https://market.yandex.ru/,https://market.yandex.ru/offer/D5mlMSaJgKx0Z9kMVHppYw?lr=66&lr=66&clid=2270459&distr_type=4&pp=480&cpa=0&onstock=1,/html/body/div[1]/div[5]/div/div[5]/div[2]/div[1]/div/div[1]/div/div/div/div[1]/div/div[2]/span/span[1]
https://www.radist.spb.ru/,https://www.radist.spb.ru/catalog/usiliteli-signala-4glte3g2g-i-gsm/3g4g-lte-modemy/huawei-e3372h.html?_openstat=bWFya2V0LnlhbmRleC5ydTs0RyBMVEUg0LzQvtC00LXQvCBIVUFXRUkgRTMzNzJoLTE1MztzT3JNTkpZUnRIRkVib0VFZWUtQ2tBOw&frommarket=http%3A%2F%2Fmarket.yandex.ru%2Fpartner&ymclid=16138300406552977982800003,/html/body/section[2]/div/div/div[1]/div[2]/div/div/div[1]/div/span[2]
http://4g-inter.net/,http://4g-inter.net/yota-3g-4g-internet/4g_universalny_modem_huawei_e3372?_openstat=bWFya2V0LnlhbmRleC5ydTtVU0Ig0LzQvtC00LXQvCAzRyA0RyBMVEUgRTMzNzJoLTE1MyBIdWF3ZWkgRTMzNzJoLTE1Mzt1UXZiVjVBWlB0aFgzcjIwOVNVcVJ3Ow&frommarket=http%3A%2F%2Fmarket.yandex.ru%2Fpartner&ymclid=16138300406552977982800007,"//*[@id=""content""]/div[1]/div/div[2]/div[3]/span/span"
https://i2000.ru/,https://i2000.ru/ishop/3744/32208,"//*[@id=""i-20-bitrix-catalog-element-catalog-default-2-qepX1RQfHh6Q""]/div[1]/div/div/div[3]/div[2]/div[4]/div/div/div[2]"
https://www.voip-shop.ru/,https://www.voip-shop.ru/ericsson-lg_lip_9010.htm,"//*[@id=""greenprice""]"
https://sensormatica.ru/,https://sensormatica.ru/catalogue/telefonia-uats/telefonnye-stancii1/ericsson-lg/ip/lip-9010-ericsson-lg/,"//*[@id=""info""]/div[1]/div[2]/div[1]/div[1]/p[1]/text()"
https://alpatech.ru/,https://alpatech.ru/kontrol-dostupa/turnikety/tripody/model-s-sigur-em-to-07-ip-em-turniket-3v/,"//*[@id=""sec_discounted_price_19977""]"
http://omsk.aks-sb.ru/,http://omsk.aks-sb.ru/catalog/tovar/ip_turniket_3v_a_sigur_em/,"//*[@id=""container-in""]/section/div/div[2]/div[2]/div[3]/div[1]/div[1]/div/text()"
https://teko-shop.ru/,https://teko-shop.ru/catalog/domofon/interkom/gc_2001p4_gromkogovoryashchee_abonentskoe_ustroystvo_nakladnoe/,"//*[@id=""bx_117848907_319772""]/div[2]/div/div[2]/div[1]/div[1]/div[2]/text()"
https://arient.ru/,https://arient.ru/abonentskoe-peregovornoe-ustrojstvo-gc-2001p1,"//*[@id=""product""]/div/div/div[2]/div/span[1]"
https://www.chipdip.ru/,https://www.chipdip.ru/catalog/antenna,"//*[@id=""price_9000460524""]"
https://sec-group.ru/,https://sec-group.ru/p/ironlogic-22984/,"//*[@id=""s-product-form""]/div[2]/div[1]/text()"
https://td-dm.ru/,https://td-dm.ru/catalog/bloki_pitaniya_dlya_domofonov/blok_pitaniya_ps2_dkv3_eltis/,"//*[@id=""bx_117848907_14169_price""]/span[2]"
https://omsk.telefonya.ru/,https://omsk.telefonya.ru/blok-rasshireniya-ats-lg-ericsson-aria-soho-ar-eksu/,"//*[@id=""cart-form""]/div[1]/span"
http://commax.com.ru/,http://commax.com.ru/katalog/internet-magazin/videodomofony/standart/commax-cdv-70k,"//*[@id=""eshop_page""]/table/tbody/tr[3]/td/div[1]/div[1]/div[2]/div/div/span[2]"
https://www.telecamera.ru/,https://www.telecamera.ru/catalog/Domofony/ELTIS/Bloki_vyzova/DP1_CC7.htm,"//*[@id=""bx_127432541_64405_price""]/text()"
https://www.aplstore.ru/,https://www.aplstore.ru/goods/3144/?frommarket=https%3A%2F%2Fmarket.yandex.ru%2Fproduct--interaktivnyi-ibp-apc-by-schneider-electric-smart-ups-sua3000rmxli3u%2F982452%3Fclid%3D703&ymclid=16138345112564401238500001,"//*[@id=""middleGoody""]/div/div[1]/div/table/tbody/tr[1]/td[1]/div/text()"
https://www.kns.ru/,https://www.kns.ru/product/ups-apc-sua3000rmxli3u/,"//*[@id=""mainform""]/main/div[1]/div[1]/div[2]/div[2]/div[2]/div[1]/span[2]"
https://ohrsys.ru/,https://ohrsys.ru/catalog/knopki-vykhoda/kn-04/,"//*[@id=""bx_117848907_1391_price""]"
http://ubiquiti.ru/,http://ubiquiti.ru/unifi-switch-8-150w.html,"//*[@id=""button-cart""]/ul/li/span"
https://omsk.radiostuff.ru/,https://omsk.radiostuff.ru/skud/kontrol-dostupa/schityvateli/kontaktnye/crt-71-schityvatel-s-kontrollerom-eltis/,/html/body/div[3]/div[2]/div[2]/div/div/div/div[2]/div[2]/div/div[1]/form/div/div[2]/div/div[3]/div/div[2]/div/div/div/div[2]/span[1]/text()
https://securityrussia.com/,https://securityrussia.com/skud/reader/sigur-reader-eh,"//*[@id=""_price""]"
https://www.sigur.com/,https://www.sigur.com/products/other/reader_eh/,/html/body/div[2]/div[3]/div[1]/div/div[2]/div/div[2]/div[2]
https://wtmarket.ru/,https://wtmarket.ru/catalog/network-equipment/active-home-networking-equipment/1559/,"//*[@id=""bx_117848907_1559""]/div[2]/div/div[2]/div[1]/div[1]/div[1]/div/div/span/span/span[1]"
https://avcafe.ru/,https://avcafe.ru/table/352133554.html,"//*[@id=""single-product""]/div/div[2]/div/div[5]/div[1]/span/span[1]"
https://telecom-sales.ru/,https://telecom-sales.ru/product/tp-link-tl-er5120/,"//*[@id=""sticky-wrapper""]/div/p[2]/text()"
https://bestoffice.ru/,https://bestoffice.ru/part/platy/aria-soho/plata-ethernet-10-baset-lgericsson-arlanu.html,"//*[@id=""product-cart""]/div[2]/div[2]/div/div[1]/span[2]"
https://ats-com.ru/,https://ats-com.ru/products/ar-lanu-setevoj-modul-aria-soho,"//*[@id=""content-a""]/div/div/div/div[2]/div[2]/div/div[2]/div/form/table/tbody/tr/td[3]/span[2]/text()"
https://telgroup.ru/,https://telgroup.ru/products/ar-lanu,"//*[@id=""cost-by-impact""]/span"
https://www.techport.ru/,https://www.techport.ru/katalog/products/kompjuternaja-tehnika/monitory/monitor-dell-p2418ht?utm_source=admitad&utm_medium=cpa&utm_campaign=232179&utm_content=admitad&admitad_uid=80fbbb07689247f621bfa96800e0191d,"//*[@id=""page-section""]/div[2]/div[2]/div[1]/div[1]/div[2]/div[3]/div[2]/div[1]/div[1]/div/div/text()"
https://www.eldorado.ru/,https://www.eldorado.ru/cat/detail/mysh-logitech-optical-b100-black-910-003357/,"//*[@id=""showcase""]/div/div[3]/div[2]/div[1]/div[1]/div[2]/div/div"
https://www.radetali.ru/,https://www.radetali.ru/catalog/product/otvetvitel-luxmann-4-tv-sa-414-14db/,/html/body/div[2]/div/main/section/div[4]/div[2]/div/div[1]/span[2]/b
https://lan-art.ru/,https://lan-art.ru/catalog/otvetvitel-tah-414f-4x14db-5862mhz-tlc/,"//*[@id=""bx_117848907_8881""]/div/div[2]/div[1]/div[3]/div[1]/div[1]/text()"
https://www.alpha-company.ru/,https://www.alpha-company.ru/products/plata-rasshireniya-3-vneshnie-i-16-analogovyh-vnutrennih-linij-ar-csb316-dlya-ats-ericsson-lg-aria-soho,"//*[@id=""our_price_display""]"
http://www.ubnt.su/,http://www.ubnt.su/ubiquiti/unifi-cloud-key.htm,/html/body/div[1]/main/div/div[1]/div[1]/div[2]/a/div
https://rosopeka.ru/,https://rosopeka.ru/catalog/gc_1036k3_pult_selektornoy_svyazi_na_18_abonentov_art_tl13684.html,"//*[@id=""bx_117848907_76867""]/div[2]/div/div[2]/div[1]/div[1]/div[2]/div/div/span/span/span[1]"
https://gsm-repeat.ru/,https://gsm-repeat.ru/gc-1036k3-18-ab,"//*[@id=""product-controls""]/div/div[1]/div[2]/text()"
https://inva24.ru/,https://inva24.ru/gc_1036k3_pult_selektornoy_svyazi_na_18_abonentov_art_tl13684.html,"//*[@id=""bx_117848907_85415_price""]/span[1]"
https://domofonov.net/,https://domofonov.net/catalog/oborudovanie_k_sistemam/hosttcall-kvr-04/,"//*[@id=""bx_117848907_2117""]/div[2]/form/div[2]/div[3]/div/div/div/span/span/span[1]"
https://vtpo.ru/,https://vtpo.ru/kvr-04.html,"//*[@id=""cart_quantity""]/div/div/div[1]/div[2]/div[3]/text()"
https://www.atspro.ru/,https://www.atspro.ru/catalog/radioknopka_hostcall_kvr_04/,/html/body/div[2]/div[2]/div[2]/div/div[2]/div[4]/div/table/tbody/tr/td[1]/b
https://aredi.ru/,https://aredi.ru/an200hs_odnokanalnaya_radiosvyaz_10_35_v_elmes_9036859095.html,/html/body/main/div[4]/div[2]/div[1]/div[2]/div[2]/div[2]/div[1]/div[1]/div[1]/text()
https://omsk.unit-spb.ru/,https://omsk.unit-spb.ru/catalog/raznoe/an-200-ht-odnokanalnyij-peredatchik-elmes,/html/body/div[6]/div/div/div[1]/div[2]/div[2]/div[1]/div[1]/div/div
https://www.proliant-hp.ru/,https://www.proliant-hp.ru/catalog/rack-servery_hp_proliant/rack-servery_hp_proliant_dl360_gen9/818208-b21,"//*[@id=""main-block-container""]/div/div/div[1]/div[3]/table/tbody/tr[4]/td/div[1]/span/span"
https://evrostd.ru/,https://evrostd.ru/catalog/755262_b21_server_hp_proliant_dl360_gen9_e5_2630v3_rack_1u.html,"//*[@id=""additional""]/tbody/tr[1]/td[2]/div/ul/li[1]/div/text()"
https://www.knskrasnodar.ru/,https://www.knskrasnodar.ru/product/server-hp-proliant-dl360-gen9-818208-b21/characteristics/,"//*[@id=""mainform""]/main/div[1]/div[1]/div[2]/div[2]/div[2]/div[1]/span[2]"
https://sprosb.ru/,https://sprosb.ru/kupit/bolid-proxy-5ag,"//*[@id=""main""]/div/div/div/div[1]/div/div[2]/div[4]/div/span[2]/text()"
https://shop.bolid.ru/,https://shop.bolid.ru/catalog/803660864/847479212/tovar_99879856.html,/html/body/main/div/div[2]/div/div[2]/div/div[1]/div/div[1]/div[1]/div/span/text()
https://tiflocentre.ru/,https://tiflocentre.ru/magazin/view_product.php?id=3256,"//*[@id=""prod_price""]"
https://omsk.sportcity74.ru/,https://omsk.sportcity74.ru/catalog/setka-voleybolnaya-sprinter-4002-t.html,"//*[@id=""elementTools""]/div/div[1]/div/div[2]/a/span/span[1]"
https://delta-fitness.tiu.ru/,https://delta-fitness.tiu.ru/p499710703-setka-volejbolnaya-artfs.html,/html/body/div[6]/div[2]/div/div/div/div/div[2]/div/div[2]/div/div/p/span[1]
https://rinok-stroy.ru/,https://rinok-stroy.ru/lotok-vodootvodnyy-compomax-drive-lv-202610p-polimerbetonnyy-s-reshetkoy-shchelevoy-chugunnoy-vch-kld-komplekt/,"//*[@id=""scrollBackTop""]/div[1]/div[1]/div/div/div[8]/div/div/div[1]/div[3]/div[2]/div[1]/div[1]/p/span"
https://www.standartpark.ru/,https://www.standartpark.ru/catalog/polimerbeton-drive-dn200/lotok-compomax-drive-usilennyy-dn200/,/html/body/div[1]/div[6]/section[1]/div/div/div[2]/div[1]/div/div[2]/div[2]/div[2]/div[1]/b
https://www.liga812.ru/,https://www.liga812.ru/betomax-drive/778-lotok-betomax-drive-lv202626-dn200-h260-c.html,"//*[@id=""our_price_display""]"
https://omsk.stroyportal.ru/,https://omsk.stroyportal.ru/catalog/model-lotok-vodootvodnyy-compomax-drive-lv-202621p-polim-189938/,"//*[@id=""wrapper""]/div/article/div[1]/div/div[1]/header/div[3]/div[2]/div[4]/div/div[1]/div[1]/text()"
https://www.afonya-spb.ru/,https://www.afonya-spb.ru/Reshetka-Vodopriemnaya-Shchelevaya-Gidrolica-Chugunnaya-dlya-Lotkov-DN-200-500x237x24-Art-524/,"//*[@id=""main_block""]/div/div[2]/section/div/div[2]/div[5]/div[1]/div[1]/div[1]/div[2]/span[1]/text()"
https://decorator.shop/,https://decorator.shop/vodopriemnaya_reshetka/dn200-rv-20-24-50-kl-s250-shchelevaya-chugunnaya-500-237-2/,"//*[@id=""bx_117848907_29704_price""]/div/div/span[1]/span[1]"
https://lotki-vodootvodnie.ru/,https://lotki-vodootvodnie.ru/catalog/product570234/,"//*[@id=""catalog-model-prices""]/div/div/text()"
https://арктос.рус/,https://арктос.рус/product/reshetki-s-povorotnymi-zhalyuzi-amn-200x200-1ksd/,"//*[@id=""product-4854""]/div[1]/div[2]/div/div/div[2]/div/p/span/text()"
https://www.kondicioner.pro/,https://www.kondicioner.pro/product/alyuminievaya-reshetka-arktos-amn-200h2001ksd,/html/body/div[2]/div[1]/div[4]/div/div/form/div[3]/div[1]/div[1]
https://air-vent.pro/,https://air-vent.pro/catalog/reshetki/reshetki-s-povorotnymi-zhalyuzi/reshetki-s-povorotnymi-zhalyuzi-amn/395/,"//*[@id=""bx_117848907_395""]/div[2]/div/div[2]/div/div[2]/div[1]/div[1]/div[2]/div/div/span/span[1]/span[1]"
https://etk-progress.ru/,https://etk-progress.ru/reshetki-s-povorotnymi-zhalyuzi-amn-300x3001ksd/,"//*[@id=""sec_discounted_price_18544""]"
http://bnksm.ru/,http://bnksm.ru/negoryuchaya-stroitelnaya-membrana,"//*[@id=""content""]/table[2]/tbody/tr[2]/td[2]/p/span[7]/span/strong/span"
https://www.masterkrowli.ru/,https://www.masterkrowli.ru/negoryuchaya-membrana-izolteks-ng-200-chernaya-rulon-15h50m,"//*[@id=""block-system-main""]/div/div[2]/div[1]/div[2]/div/div/div/div/div[1]/span[2]/span/text()"
https://www.klinker-time.ru/,https://www.klinker-time.ru,"//*[@id=""content""]/div/div/div[1]/div[2]/div[3]/table/tbody/tr[1]/td[2]/span/text()"
https://ocpo.ru/,https://ocpo.ru,"//*[@id=""raschet""]"
https://www.acoustic.ru/,https://www.acoustic.ru/productions/zvukoizolyaciya_pola/shumostop_c2/,"//*[@id=""cost_unit_r""]"
https://acoustic.plus/,https://acoustic.plus/catalog/zvukoizolyatsiya-pola/zvukoizolyatsiya-dlya-plavayushchikh-polov-shumostop-s2/,"//*[@id=""scTop""]/body/div[6]/div/div/div/div[1]/div/div[3]/div[1]/div/div[3]/div/span[2]"
https://www.isolux.ru/,https://www.isolux.ru/zvukoizolyacionnaya-plita-shumostop-s2-1250h600h20-mm-10-plit-v-upakovke.html,"//*[@id=""price-less-10""]/div[2]/span"
https://www.tstn.ru/,https://www.tstn.ru/product/parobarer-sa-500-108-sm-528103/,"//*[@id=""main""]/main/div[4]/div/div/div[3]/div[1]/div[3]/div[2]/div[4]/div/div/div[2]/div/div/text()"
https://tskdiplomat.ru/,https://tskdiplomat.ru/catalog/izolyatsionnye_materialy/waterproofing/bitumen_roll_materials/parobarer_sa_500_krovlya_rulonnaya_tekhnonikol.html,"//*[@id=""elementTools""]/div/div[1]/div[2]/a/span/span[2]"
https://tnsystem.ru/,https://tnsystem.ru/parobarer-sa-500/,"//*[@id=""page-content""]/article/div[2]/div[2]/p/text()"
https://supl.biz/,https://supl.biz/panel-falshpol-mero-tip6-sulfat-kaltsiya-keramogra-p11037359/?utm_referrer=https%3a%2f%2fyandex.ru%2f,"//*[@id=""root""]/div/main/div[1]/div/div/div[2]/div[1]/div[2]/div[1]/span[1]"
https://фальшпол.рус/,https://фальшпол.рус/plity-falshpola/sulfat-kalcziya/,"//*[@id=""catalog-list-for-desktop""]/div[1]/div[2]/div/div[4]/div/text()"
https://kr-design.ru/,https://kr-design.ru/catalog/falshpol/falshpol-iz-sulfata-kaltsiia/s36stpvc/,"//*[@id=""content""]/div[3]/div/div[2]/div/div[1]/div[5]/table/tbody/tr[2]/td[2]"
https://antisplash.ru/,"https://antisplash.ru/rezinovyij_profil_dlya_lestnicz_«surestep»_1,2_m_seryij.html","//*[@id=""bx_117848907_6300_price""]"
http://shopsurestep.ru/,http://shopsurestep.ru/market/rezinovyj_profil/rezinovyj_profil_surestep_protivoskol_zyawij_seryj/,"//*[@id=""center_column""]/div[1]/div/div[2]/div[8]/span[2]"
https://www.stroimoda.com/,https://www.stroimoda.com/catalog/napolnye_pokrytiya/profil_rezinovyy_sure_step_chernyy_1200x50x20mm_/,"//*[@id=""bx_117848907_76722_price""]/span/span[1]"
https://поручни-перила66.рф/,https://поручни-перила66.рф,/html/body/div[4]/div[2]/div[3]/div/div/div/div/div[2]/div/div[2]/div[2]/div[1]/div[2]/div[2]/div
https://www.nateko.ru/,https://www.nateko.ru,"//*[@id=""wrapper""]/main/div/div/div[2]/div/div/div[1]/div[1]/div/div[2]/div[1]/div"
http://elr-systems.ru/,http://elr-systems.ru/shop/fasteners/hilti-anchoring-equipment/anchors-screws/anchor-screw-hus-hr/,/html/body/div[1]/section/div[2]/div[3]/article/div[2]/div[1]/p
https://www.hilti.ru/,https://www.hilti.ru/c/CLS_FASTENER_7135/CLS_SCREW_ANCHORS_7135/r6255?CHA_GLOBAL_ANC_SIZE=8%20mm&CHD,"//*[@id=""product-configurator""]/div/section[7]/m-price/div[2]/div[2]/div/div/span[2]"
https://metizrf.ru/,https://metizrf.ru/khilti/khilti-mekhanicheskiy-anker/hus-anker-shurup/hus-hr-anker-shurup/hus-hr-8x8552535-anker-shurup/,"//*[@id=""cart-form""]/div[3]/div/span[1]"
https://lisvent.ru/,https://lisvent.ru/products/kamera450-450,"//*[@id=""cost-by-impact""]/span"
https://www.vent-style.ru/,https://www.vent-style.ru/goods/ksd-450x450-bokovaya-vrezka-d250,"//*[@id=""sec_discounted_price_6451""]"
https://ventstar.ru/,https://ventstar.ru/products/ksd-450h450-bokovaya-vrezka-d250-kamera-statisticheskogo-davleniya-adapter-pod-ventilyatsionnuyu-reshetku,"//*[@id=""content""]/div[1]/div/div[2]/div/div[2]/div[1]/div[1]/div/div/div/span[1]/span[1]"
https://fortis-steel.ru/,https://fortis-steel.ru/produkciya/nerzhaveyushchiy-perforirovannyy-list/filter/perforation_type-is-qg-10-0-14-0/,/html/body/div[2]/div/div[2]/div[3]/table/tbody/tr[2]/td[8]/div/span
https://www.rostechsteel-omsk.ru/,https://www.rostechsteel-omsk.ru/goods/85946706-list_perforirovanny_qg_10_14_1000kh2000_mm_nerzhaveyushchi_aisi_430_st12x17,"//*[@id=""company-content""]/div[2]/div[2]/div/div/div[1]/div/div[2]/div/div[3]/div[2]/div[2]/div[2]/div/span[1]/i"
https://omsk.opisvet.ru/,https://omsk.opisvet.ru/galad-everest-led-200-asymmetric.html,"//*[@id=""catalog""]/div[2]/div[4]/div[1]/div[2]/div[2]/table/tbody/tr/td[2]/span"
https://kvt-pro.ru/,https://kvt-pro.ru/uplotnitel-termousazhivaemyj-ukpt-13028,"//*[@id=""product-page""]/div[2]/div[3]/div/div[2]/div/div[1]/div[8]/span"
http://www.dkcmarket.ru/,http://www.dkcmarket.ru/bbh6040hdz.html,"//*[@id=""product""]/div[1]/div/div[3]/table/tbody/tr[2]/td/span/text()"
https://obogrev-lux.ru/,https://obogrev-lux.ru/p78042286-kabel-nagrevatelnyj-samoreguliruyuschijsya.html,/html/body/div[5]/div[2]/div[3]/div[1]/div/div/div[2]/div[1]/div/div/p/span[1]
https://telmark.ru/,https://telmark.ru/cable/vvgnga-frlsltx/vvgnga-frlsltx-3x15ogh-1,/html/body/div[8]/div[2]/main/div[1]/div[1]/div[2]/div[2]/form/div/span
https://elmarts.ru/,https://elmarts.ru/catalog/vvgng-a--frlsltx/vvgng-a--frlsltx-3x2-5-0-66/?yclid=1728561104880707908,"//*[@id=""bx_117848907_276645""]/div[2]/div/div[1]/div[1]/div[1]/div[2]/div/div/span/span[1]/span[1]"
https://svetelektro.net/,https://svetelektro.net/cable-wire/5427426-alyur.html,"//*[@id=""productPrice341469""]/div[2]/div/span"
https://ielectrik.ru/,https://ielectrik.ru/product/1604358903_367.html,"//*[@id=""product-block-price""]/span"
http://www.metalloprokat-omsk.ru/,http://www.metalloprokat-omsk.ru/goods/106712865-provod_silovoy_puvng_a_ls_1kh6_zhelto_zeleny_gost_31996_2012,"//*[@id=""company-content""]/div[2]/div[2]/div/div/div[1]/div/div[2]/div/div[3]/div[2]/div[2]/div[2]/div/i"
https://atlastpk.ru/,https://atlastpk.ru/catalog/puvng-ls/puv-ng-ls-1kh-6/,"//*[@id=""bx_117848907_12177_price""]/span/span[1]/text()"
https://samoreg.com/,https://samoreg.com/product/27vr2-t/,"//*[@id=""prddeatailed_container""]/div[4]/span[2]"
https://www.teploluxe.ru/,https://www.teploluxe.ru/proektnye_resheniya/promyshlennye_resheniya_new/obogrev_truboprovodov_n/product/27vr2-t-samoreguliruyushchayasya-nagrevatelnaya-lenta/,/html/body/div[3]/div/div[3]/div[4]/div[2]/div[2]/div[1]/div/div/div[1]/div[5]/div[4]/text()
https://www.legrand-russia.com/,https://www.legrand-russia.com/product/921,/html/body/div[4]/div[2]/div[2]/div/div[5]/div[1]/div[1]/span
https://kaluga.www-legrand.ru/,https://kaluga.www-legrand.ru/quteo-ip44/belyy/782300/,"//*[@id=""product-cart""]/div[3]/div[1]/div[2]/div/text()"
https://omsk.pulscen.ru/,https://omsk.pulscen.ru/products/koltso_uplotnitelnoye_m25_prokladka_gwdr_m25_np_spetsialnyye_sistemy_i_tekh_118740757,/html/body/div[1]/div/div[4]/div/div[2]/div[2]/div[2]/div[3]/div/i
https://teplarm.ru/,https://teplarm.ru/p352774540-korobka-usk-16n.html?_openstat=bWFya2V0LnlhbmRleC5ydTvQmtC-0YDQvtCx0LrQsCDQo9Ch0JogMTYu0J0gKNCw0L3QsNC70L7QsyDQoNCi0JIgNjAxKSDRgdC-0LXQtNC40L3QuNGC0LXQu9GM0L3QsNGPINGB0L4g0LLQt9GA0YvQstC-0LfQsNGJ0LjRgtC-0Lk7emlBWnoteDI3eVRfM1Q2cXhnVGNtQTs&ymclid=16133046608757855444800005,/html/body/div[6]/div[2]/div/div/div[1]/div/div/div[2]/div[2]/div/div/p/span[1]
https://okelektro.ru/,https://okelektro.ru/shop/product/dlplus-mini-kolonna-4kh-sektsionnaya-vysota-0-7m,/html/body/div[1]/div[4]/main/div/div[2]/form/div[2]/div[1]/div[1]/div[2]/div/strong/text()
https://vent48.ru/,https://vent48.ru/magazin/product/stat-kamera-dlya-vozdukhoraspredeliteley-600kh600-d250,"//*[@id=""itemPriceValue""]/text()"
https://progress-nw.ru/,https://progress-nw.ru/vozduhoraspredeliteli/kamera-staticheskogo-davleniya-dlya-diffuzorov-ld/kamera-dlya-dv-1-600h600-s-traversoj,"//*[@id=""content""]/div[1]/div[2]/div/ul[1]/li/h2"
https://stalpro72.ru/,https://stalpro72.ru,/html/body/div[2]/main/div[2]/div/div[2]/div[2]/form/div/div[1]/div[2]/div[1]/div[1]/div[1]/div/strong
https://www.ltcompany.com/,https://www.ltcompany.com/ru/products/types/industrial-luminaires/up-to-5-meters/arctic-opl-eco-led/arctic-opl-eco-led-1200-5000k/,/html/body/div[3]/div[2]/section/div/div/div[3]/div/article/div/div[1]/div[2]/div[1]/div/div[1]/span[1]/text()
https://alfaopt.com/,https://alfaopt.com/catalog/greyushchiy_kabel/sst_arkhitekturnyy_obogrev/komplektuyushchie_4/ustroystva_zadelki_soedineniya/ustroystvo_soedinitelnoe_sf_e_stripfree/,"//*[@id=""bx_117848907_183550""]/div[2]/div/div[2]/div[2]/div[1]/div[1]/div/div/span/span[1]/span[1]"
https://msk.ecovita.ru/,https://msk.ecovita.ru/catalog/nasosy-dozatory/emkosti-dlya-reagentov/dozirovochnaya-emkost-100-l.html,"//*[@id=""bx_117848907_12395""]/div[2]/div/div[2]/div[1]/div/div[1]/div/div/span[1]/span[1]"
https://omsk.promvodsnab.ru/,https://omsk.promvodsnab.ru/doziruyushchaya-tekhnika/emkosti-dlya-dozirovaniya/emkost-dlya-dozirovaniya-100l/,/html/body/div[3]/div[2]/div[2]/div/div/div/div[2]/div[2]/div/div[1]/form/div/div[4]/div/div[3]/div/div[1]/div/div[2]/div/div[2]/span[1]/text()
https://tdaqua.ru/,https://tdaqua.ru/p34881431-emkost-tsilindricheskaya-dlya.html,/html/body/div[6]/div[1]/div/div[2]/div/div[1]/div/div[1]/div/div/div[2]/div[1]/div[1]/div/p/span[1]
https://omsk.tarabaza.ru/,https://omsk.tarabaza.ru/catalog/emkosti/1902/,"//*[@id=""bx_117848907_1902""]/div[2]/div/div[2]/div[1]/div[1]/div[2]/div/div/span/span[1]/span[1]"
https://rain-hunter.ru/,https://rain-hunter.ru/catalog/emkosti_i_baki_,"//*[@id=""smallElementTools""]/div/div[1]/div/div[1]/a/span/span[1]"
https://valtec.ru/,https://valtec.ru/catalog/recommended/truboprovodnaya_armatura/klinovaya_zadvijka_watergate.html,/html/body/div[3]/main/div/div/div/div/div[1]/div[2]/table/tbody/tr[3]/td[3]/text()
https://santehmaster.ru/,https://santehmaster.ru/catalog/truboprovodnaya-armatura/zadvizhki/zadvizhki-latunnye/enolgas-italiya/zadvizhka-klinovaya-enolgas-watergate-1.html,"//*[@id=""price""]/text()"
https://www.citi-market.ru/,https://www.citi-market.ru/catalog/zadvizhka-klinovaya-watergate-pn16-1-enolgas-h-012-06.html,"//*[@id=""bx_117848907_95072_price""]/span[2]"
http://www.hotkontur.ru/,http://www.hotkontur.ru/klinovaya-zadvizhka-watergate,"//*[@id=""product-details-form""]/div/div[2]/div/div[1]/div/div[2]/div/span"
https://teplo-com.ru/,https://teplo-com.ru/catalog/162550/,"//*[@id=""lay_body""]/div/table/tbody/tr[3]/td/table/tbody/tr/td/div[2]/div[2]/div[2]/div[1]/span/span"
https://omsk.elfgroup.ru/,https://omsk.elfgroup.ru/catalog/truboprovodnye-sistemy-i-soedinitelnye-chasti/kompensator-pprc-20/,/html/body/div[1]/div[3]/main/section[2]/div[2]/div/div[1]/div[2]/div[1]/span/div/div[1]/div[1]/span[1]
https://mnogo-tepla.ru/,https://mnogo-tepla.ru/product/kompensator-pprc-20/,"//*[@id=""bx_117848907_1260_prices_wrap_main""]/div/div[1]/text()"
https://santehmaster55.ru/,https://santehmaster55.ru/katalog-tovarov/product/723535886,/html/body/div[2]/div/main/div/form/div[1]/div[2]/div[3]/div/strong
https://omsk.santechsystemy.ru/,https://omsk.santechsystemy.ru/catalog/kompensator-meerplast-pprc-32/ ,"//*[@id=""cardPrice""]/div[1]/div[1]/div[2]/div/span/b/text()"
https://omsk.blizko.ru/,https://omsk.blizko.ru/products/168142547-kompensator_pprc_dn_32_meerplast,/html/body/div[2]/div[5]/div[2]/div[2]/div/p/i
https://heat-energy.ru/,https://heat-energy.ru/adl/klapany-adl/obratnye-klapany-adl/obratnyj-klapan-adl-tip-10-311-art-hf01b453067,"//*[@id=""productPrice63884""]/div/span[2]"
https://promtr.su/,https://promtr.su/catalog/klapany-obratnye/muftovye/latunnye/ny/c/tip-10-311-obratnyy-klapan-latunnyy-ny-du100-ru16-tmah-90gr-vnutr-rez-ba-predlozhi-7-868,"//*[@id=""panel""]/section/div/div/div[2]/div/div[2]/div[1]/div[4]/div/p[2]"
https://omsk.dn.ru/,https://omsk.dn.ru/kompensator/silfonnyi/pod-privarku/danfoss/arf-ry10/dn20-oh80,"//*[@id=""page-container""]/section/div/div[1]/div/div[3]/div/div[1]/table/tbody/tr[1]/td/div/div[1]/div/div[1]/span/span[1]/span"
https://www.termoros.com/,https://www.termoros.com/catalog/nasosnoe_oborudovanie/komplektuyushchie_nasosnogo_oborudovaniya/rezinovyy_kompensator_rezbovoy_rubber_compensator_r2_pn16_brass_z/,/html/body/div[14]/div/div[2]/div[2]/div[4]/p[1]/span[1]/text()
https://wtpump.ru/,https://wtpump.ru/catalog/detail/74800/,/html/body/div[3]/div[6]/div[1]/div/div[2]/div[1]/div[1]/div[1]/div/span
https://tdkomfort.ru/,https://tdkomfort.ru/shop/danfoss_danfoss_klapan_termostaticheskiy_balansirovochnyy_aht_du15_35_70_s_003z1530.html,"//*[@id=""smallElementTools""]/div[1]/a/text()"
https://teremspb.ru/,https://teremspb.ru/catalog/elementy_bezopasnosti/snegozaderzhateli_1/borge_borge/snegozaderzhatel_trubchatyy_dlya_profnastila_n_60_n_75_1_m_borge_tsink.html,"//*[@id=""smallElementTools""]/div/div[1]/div/div[1]/a/span/span[1]"
https://omsk.leroymerlin.ru/,https://omsk.leroymerlin.ru/product/zvuko-gidroizolyaciya-shumanet-100-gidro-5-mm-17907590/,/html/body/div[3]/div[2]/div[6]/div[1]/div[2]/div/div/div/div/uc-pdp-card-ga-enriched/uc-pdp-price-view[1]/span[1]
https://5752610.ru/,https://5752610.ru/materialyi-dlya-zvukoizolyatsii/shumanet/shumanet-100-super/,"//*[@id=""post-25989""]/div/h4/strong/text()[1]"
https://rdstroy.ru/,https://rdstroy.ru/catalog/list_steklomagnievyy_sml/steklomagnievyy_list_klass_premium_1220kh2440kh6mm/,"//*[@id=""plaice_holder""]/div[2]/div[2]/div[3]/div[2]/div[2]/div[1]/div[1]/div[2]/span[1]"
https://sml-panel.ru/,https://sml-panel.ru/steklomagniyeviy-list/po-razmeram/sml-6mm#saler,"//*[@id=""component""]/div/table[4]/tbody/tr[2]/td[4]/span"
https://omsk.metallprofil.ru/,https://omsk.metallprofil.ru/shop/catalog/obustroystvo-krovli/elementy-bezopasnosti-krovli/lestnitsa-krovelnaya-stenovaya-mp-dl-1860-mm-bez-kronshteynov-80171sht-i-metizy--343708/,"//*[@id=""bx_117848907_343708""]/div[1]/div[2]/div[2]/div/div[3]/div/div[2]/div[1]/div/div[3]/span[1]"
https://shop.ps43.ru/,https://shop.ps43.ru/snegozaderzhatel-1-1-1/,"//*[@id=""cart-form""]/div[2]/span[1]"
https://www.profil-plyus.ru/,https://www.profil-plyus.ru/goods/149661221-kronshteyn_k_kryshe_dlya_lestnitsy_vse_tsveta,"//*[@id=""company-content""]/div[2]/div[2]/div/div/div[1]/div/div[2]/div/div[3]/div[2]/div[2]/div[2]/div/i"
https://iskm.ru/,https://iskm.ru/p4286858-621h-voronka-teploizolyatsiej.html?_openstat=bWFya2V0LnlhbmRleC5ydTtITCA2Mi4xSCDQktC-0YDQvtC90LrQsCDRgSDRgtC10L_Qu9C-0LjQt9C-0LvRj9GG0LjQtdC5LCDRgSDQs9C40LTRgNC-0LjQt9C-0LvRj9GG0LjQvtC90L3Ri9C8INC_0L7Qu9C40LzQtdGA0LHQuNGC0YPQvNC90YvQvCDQv9C-0LvQvtGC0L3QvtC8INGBINGN0LvQtdC60YLRgNC-0L_QvtC00L7Qs9GA0LXQstC-0LwgRE4xMTA7R293ZS1jUHkxanZya0liMFpmUVM1QTs&ymclid=16133940814073961483500001,/html/body/div[5]/div[3]/div/div/div[3]/div[1]/div/div/div[2]/div[1]/div/div/p/span[1]
https://vodamk.ru/,https://vodamk.ru/sewerage/voronki/krovelnaya-voronka-hl62.1h-1/,"//*[@id=""sec_discounted_price_3630""]"
https://santehmarket.ru/,https://santehmarket.ru/catalog/vodosnabzhenie_i_otoplenie/avtomatika/nagrevatelnye_kabelya/lenta_krepyezhnaya_ft_hts_steklo_lenta_dlya_krepezha_kabelya-11676/,"//*[@id=""top""]/section[1]/section/section/section[1]/div[1]/div[2]/div[3]"
https://www.stopmoroz.info/,https://www.stopmoroz.info/catalog/krepezhnye_lenty/ft_hts_lenta_krepezhnaya/,"//*[@id=""bx_117848907_1778_price""]/span/span[1]"
https://avarit.ru/,https://avarit.ru/catalog/ft-hts-50/,"//*[@id=""bx_117848907_93432_price""]/text()"
https://dgsrostov.ru/,https://dgsrostov.ru/catalog/skatnaya_krovlya/komplektuy,"//*[@id=""detail""]/div[2]/div[2]/div[2]/div[2]/div[2]/div[1]/text()"
http://стройторг.com/,http://стройторг.com/products/mostik-perekhodnoi,/html/body/div[4]/main/div/div[3]/div[3]/div[1]/div[1]/div[2]/div[11]/div/div[2]/div/div[1]/div/div/div[1]
https://baucenter.ru/,https://baucenter.ru/kanalizatsionnye_truby_i_fitingi/578018/?utm_campaign=bau_omsk&frommarket=https%3A%2F%2Fmarket.yandex.ru%2Fsearch%3Ftext%3DРевизия+50%26pp%3D900%26mclid%3D1003%26distr_type%3D7%26clid%3D2374179%26vid%3D2&ymclid=16133955526402670125400002,/html/body/div[3]/div[2]/div[1]/section[1]/div[2]/div[3]/div[1]/div/span/text()
https://andrej-cs73665.tiu.ru/,https://andrej-cs73665.tiu.ru/p95106339-ozds-ozdu-333.html,/html/body/main/article/div[2]/div[1]/div[3]/div[1]/div/p/span[1]
http://moskva.tradedir.ru/,http://moskva.tradedir.ru/good/p217761-pvmt40_035_provod_vysokovoltnyj_montazhnyj_televizionnyj.htm,"//*[@id=""tovar_page""]/div[1]/div[2]/div/div[2]/div[2]/strong"
https://lzkfm.ru/,https://lzkfm.ru/ograzhdenie-krovelnoe-ok-h6001860-8017/,"//*[@id=""cart-form""]/div[1]/div/text()"
http://daimax.ru/,http://daimax.ru/ventilation_systems_accessories/ventilation_grilles/diffuzor-potolochnyj/arktos-4apr-750h750.html,"//*[@id=""content""]/div/div[2]/table[1]/tbody/tr/td/ul/li/h2/text()"
https://www.protehnology.ru/,https://www.protehnology.ru/kombinirovannyy-filtr-dlya-duet-fe-300-2-cb,"//*[@id=""content-block""]/table/tbody/tr[1]/td/div[2]/div/div[1]/em"
https://kantherm-rus.ru/,https://kantherm-rus.ru/katalog/lenta-kraevaya-dempfernaya-8150-s-nasechkoy-1818255002.html,/html/body/div[2]/div[3]/div[2]/table/tbody/tr[2]/td[4]/nobr
https://x2dom.ru/,https://x2dom.ru/products/kan-therm-lenta-kraevaya-8x150---s-nasechkoy-za-rulon-25m/,"//*[@id=""page""]/div[1]/div[2]/div[4]/div/div[2]/div[1]/div[1]/div[2]/span"
http://sibteplokom.ru/,http://sibteplokom.ru/catalog/profilnye_prokladki/29218/,"//*[@id=""i-15-bitrix-catalog-element-catalog-default-2-qepX1RQfHh6Q""]/div[1]/div[2]/div[4]/div/div/div[2]"
https://akvacentr48.ru/,https://akvacentr48.ru/catalog/sshityy_polietilen/kan_sshityy_fitingi/profilnaya_prokladka_dlya_razdelitelnogo_shva_s_samokl_osnov_10_150_25m_v_up_kan_therm_0_1026_y9150.html ,"//*[@id=""smallElementTools""]/div/div[1]/div/div[1]/a/span/span[2]"
https://odvidom.ru/,https://odvidom.ru/catalog/truboprovody-dlya-otopleniya-i-vodosnabzheniya/kan-therm-push-push-platinum/truby/18233/,"//*[@id=""bx_117848907_18233_price""]/text()"
https://www.stmgroup.ru/,https://www.stmgroup.ru/content/catalog/trubyi-fitingi-zapornaya-i-santexarmatura/sshityij-polietilen/kan-therm/150-32825-truba-zashhgofr(kan)(1904n)sin(peshel)-dlya-t,"//*[@id=""item""]/h2"
https://gerre.ru/,https://gerre.ru/catalog/truby-fitingi-i-komplektuyushchie/metalloplastikovye-truby/metalloplastikovye-truby-kan-therm-polsha/16364/,"//*[@id=""bx_117848907_16364""]/div/div[1]/div[2]/div[2]/div/div[2]/div/div[1]/div[3]"
https://prootoplenie.ru/,https://prootoplenie.ru/catalog/truby-gofrirovannye/13750/,"//*[@id=""bx_117848907_13750""]/div[2]/div/div[2]/div[1]/div[1]/div[1]/div/div/span/span[1]/span[1]"
https://www.taen.ru/,https://www.taen.ru/catalog/radiatory-otopleniya/stalnye/buderus-logatrend-vk-profil-10500400-re/,"//*[@id=""product_wrapper""]/div[1]/div[1]/div[2]/div[3]/div[2]/div[1]/span"
https://energomir.su/,https://energomir.su/radiatori/buderus-vk-profil-10-500,/html/body/div[1]/div/div/div[1]/div[2]/div[2]/div/div[2]/table/tbody/tr[2]/td[1]/text()
https://glavteplo.com/,https://glavteplo.com/products/stalnoj-panelnyj-radiator-bergerr-k-11-500-900-bokovoe-podklyuchenie.html,"//*[@id=""product""]/div[2]/form/div[2]/span[2]/span"
https://www.teplomatica.ru/,https://www.teplomatica.ru/radiatory/stalnye-radiatory/buderus-stalnie-radiatori/buderus-buderus-stalnoj-panelnyj-radiator-logatrend-vk-profil-11-500-400.html,/html/body/div[4]/main/div/div/div/div/section[1]/div[2]/div[1]/div/span[1]
https://vogelnootcenter.ru/,https://vogelnootcenter.ru/catalog/panelnyie-radiatoryi/profil-compact/stalnoj-panelnyij-radiator-vogel-i-noot-profil-compact-33k-500-1200/,/html/body/div[1]/div[3]/div/div[1]/form/div[3]/div[1]/span
https://oventroprussia.ru/,https://oventroprussia.ru/catalog/ventili-hycocon/1157/,"//*[@id=""bx_117848907_1157""]/div[2]/div/div[2]/div[1]/div[1]/div/div/span[1]/span[1]"
https://santexworld.ru/,https://santexworld.ru/ventil-zapornyy-hycocon-atz-34-vr-oventrop/,"//*[@id=""cart-form""]/div[2]/div/div[1]/span/text()"
https://lavka-s.ru/,https://lavka-s.ru/otopitel_noe_oborudovanie/elementy_sistem_otopleniya/klapana_smesitel_nye/ventil_zapornyj_oventrop_hycocon_atz_dn_20/,"//*[@id=""em-product-info-basic""]/div[6]/div/span/text()"
https://akwagarant.ru/,https://akwagarant.ru/goods/295588896,/html/body/div[4]/div[2]/div/div/div[2]/h4/text()[1]
https://stsp34.ru/,https://stsp34.ru/katalog/raspredelitel-g1-seriya-71a-3-otvoda-kan-therm/,"//*[@id=""product-24982""]/div[1]/div[2]/p/span/span/bdi/text()"
https://трубопроводный-мир.рф/,https://трубопроводный-мир.рф/shop/CID_112378.html,"//*[@id=""bgyr24222""]/tbody/tr[2]/td[2]/div/span/text()"
https://www.adk22.ru/,https://www.adk22.ru/catalog/detali_truboprovodov_khomuty_i_krepezh/kompensatory/kompensatory_silfonnye/kompensator_kso_d_20_16_50/,"//*[@id=""item-price-one""]"
https://omsk.teplokomplect.ru/,https://omsk.teplokomplect.ru/catalogue/cat/kompensatory-silfonnye-osevye-rezbovye/,"//*[@id=""product""]/div[2]/div[2]/div[4]/div[3]/span/span/text()"
https://armfleks.ru/,https://armfleks.ru/prays-listy/kompensatory-silfonnye/kompensatory-silfonnye-osevye-flantsevye-kso-f-arm/,"//*[@id=""bx_117848907_208_price""]"
https://kompensator1.ru/,https://kompensator1.ru/catalog/kompensatory/kompensatory-silfonnye-osevye-kso-ksof-kso-z-ksof-ru16-25bar/kompensatory-silfonnye-osevye-flantsevye-s-vnutrennim-ekranom-ksof-z-ksof-z-ru16bar-hortum/kompensator-silfonnyy-osevoy-flantsevyy-s-vnutrennim-ekranom-ksof-3-40-16-60-l200mm-hortum/,/html/body/div[1]/div[2]/div/div/div/div[2]/div[1]/div/div[1]/div/div[2]/div/div[3]/div[1]/span/span[1]
https://ekoport.ru/,https://ekoport.ru/catalog/truboprovodnye_sistemy_vodosnabzheniya_i_otopleniya/truby_iz_sshitogo_polietilena_pe_xa_pe_rt_dlya_otopleniya_i_vodosnabzheniya/polietilen_kan/ostnastka_dlya_napolnogo_otopleniya/15163/ ,"//*[@id=""bx_117848907_15163""]/div[2]/div/div[2]/div[1]/div[1]/div/div/span[1]/span[1]"
https://td-pro.ru/,https://td-pro.ru/catalog/1c/radiatornaya-armatura/oventrop-radiatornaya-armatura/garnitury-oventrop/prisoed-nyy-uzel-multiflex-f-zb-prokhodnoy-3-4-ng-kh-3-4-nr/,"//*[@id=""bx_117848907_1160_price""]"
https://22pu.ru/,https://22pu.ru/products/oventrop_germaniya_3/reguliruyushchiy_ventil_oventrop_hydrocontrol_vfc_du80_flants/,"//*[@id=""bx_117848907_150582""]/div[1]/div[1]/div[2]/div[1]/span"
http://www.intex-stroy.ru/,http://www.intex-stroy.ru/truby-i-fitingi/oventrop-t/armatura-dlja-gidravlicheskoy-uvjazki-sistem/hycocon-agu/oventrop-hycocon-dtz-reg-r-perepada-davleniya-50-300mbar-pn16-du15-1-2vr.html,"//*[@id=""our_price_display""]/b"
https://heiz.ru/,https://heiz.ru/catalog/kan-fittings/soedinitel-kan-dvustoronniy-14x2-_-14x2-ppsu-_-9019_23/,
https://teplo3000.ru/,https://teplo3000.ru/product/fitingi-vodosnabzheniya-otopleniya/soediniteli-kan-therm-dvuhstoronnie-ppsu-push-ravnoprohodnye/124256,/html/body/section/section/div/div/div[2]/div[2]/div[1]/div[2]/div[1]/div/text()
https://teplo3000.spb.ru/,https://teplo3000.spb.ru/product/fitingi-vodosnabzheniya-otopleniya/soediniteli-kan-therm-dvuhstoronniy-ppsu-push/124260,/html/body/section/section/div/div/div[2]/div[2]/div[1]/div[2]/div[1]/div/text()
https://tavago.ru/,https://tavago.ru/truby-i-fitingi/truby-iz-sshitogo-polietilena/mufty-perekhodniki/soedinitel-kan-therm-ppsu-push-dvukhstoronniy-18kh2-5-14kh2.html,/html/body/section/section/div/div/div[2]/div[2]/div[1]/div[2]/div[1]/div/text()
https://акватермсервис.рф/,https://акватермсервис.рф/catalog/sistemy_kan_therm/sistema_kan_therm_push_platinum/troynik_ravnoprokhodnoy_push_ppsu/troynik_ravnoprokhodnoy_push_ppsu_32kh4_4_32kh4_4_32kh4_4/,"//*[@id=""bx_117848907_45164_price""]/text()"
https://dr-climate.ru/,https://dr-climate.ru/catalog/kollektornyy_shkaf_naruzhnyy_kan_therm_swn_6/,"//*[@id=""bx_117848907_54955_price""]"
https://ppu76.ru/,https://ppu76.ru/otvod-90gr.-e/sv-219x6/315-ppu-pe-1000/1000.html,"//*[@id=""msProduct""]/div[2]/div/div/div[2]/form/span/div/h3/span"
https://pkf-m.ru/,https://pkf-m.ru/otvodyi-ppu/otvod-v-izolyaczii-ppu-pe-1-stalnoj-219x6-a/,/html/body/section[1]/div/div[2]/div/div/div[2]/div/form/div[2]/div[1]/span
https://pipe-etk.ru/,https://pipe-etk.ru/product/otvod-ppupe-90-219-tip-2-iz-chernoy-truby/,"//*[@id=""product_form""]/div[2]/span"
https://civilizationzti.ru/,https://civilizationzti.ru/product/otvod-stalnoj-219-6-0-315-v-ppu-pje-s-odk-gost-30732-2006/,"//*[@id=""product-2366""]/div[2]/p/span/bdi/text()"
https://arma-nnov.ru/,https://arma-nnov.ru/catalog/otvod-ppu-ots-219-dlya-nadzemnoy-prokladki-standartnyy.html,/html/body/div[2]/div[2]/div/div/div[2]/div/div[1]/div[3]/div/div[1]/div/span
https://ingplast.ru/,https://ingplast.ru/element/komplekt-dlya-izolyatsii-styka-219-315-ppu-pe/,"//*[@id=""bx_117848907_119148""]/div[1]/div[4]/div[5]/div[1]/div[2]/span[1]"
https://cabeus.ru/,https://cabeus.ru/product/9883/,"//*[@id=""bx_117848907_9883""]/div[3]/div[1]/div/div[2]/span/strong"
http://jet-video.ru/,http://jet-video.ru/ftth-9-01-1-lszh-in-out-40,"//*[@id=""wrap""]/table/tbody/tr/td[2]/form/div[2]/div[2]/div[4]/div/div/div/strong"
https://poskkm-shop.ru/,https://poskkm-shop.ru/hardware/setevoe-oborudovanie/passivnoe-setevoe-oborudovanie/montazhnye-shkafy-i-stojki/antivandalnyj-nastennyj-telekommunikatsionnyj-shkaf--serija-av-kod-recw-066av/,/html/body/div[3]/div[2]/main/div/div/div/div[2]/div[2]/div/section[1]/form/div/div[2]/div/div[3]/div/div[2]/div/div/div/div[2]/span[1]/text()
https://shop.nav-it.ru/,https://shop.nav-it.ru/catalogue/shkafy_napolnye/recw_066av_gy_shkaf_nastennyy_signapro_6u_391x600x600_mm_antivandalnyy_seryy/,/html/body/div[5]/div[1]/div[4]/div/div/div[2]/div/div[3]/div[1]/div[1]/div[2]/div[4]/div[1]/div/span[1]
https://olmi-connect.ru/,https://olmi-connect.ru/shop/show74542223955/,/html/body/div[1]/div[4]/section/div[3]/div[3]/div[2]/div[8]/div/div[1]/div[2]/span[2]
https://www.minimaks.ru/,https://www.minimaks.ru/product/tv-gayka_f-razem%2C_f113-55_lans,"//*[@id=""element-information-block""]/div[1]/div[1]/span/text()"
https://www.legrand2.ru/,https://www.legrand2.ru/shop_089625_legrand.html,"//*[@id=""main-well""]/div/div[2]/div[2]/div[2]/span[2]/span"
https://www.21vek-220v.ru/,https://www.21vek-220v.ru/cat/mini-kolonna-legrand-4-h-sektsionnaya-07m-belaya,/html/body/div[1]/div/div[2]/div[5]/div[1]/product/div[1]/div[1]/div[3]/div[2]/div[1]/div[2]/div[2]/span[1]
https://omsk.www-legrand.ru/,https://omsk.www-legrand.ru/kolonny-i-mini-kolonny-dlp/030742/,"//*[@id=""product-cart""]/div[3]/div[1]/div/div/text()"
https://tara.tiu.ru/,https://tara.tiu.ru/p290464154-gp251500hromirovannaya-gorizontalnayaperemychka-dlyaograzhdenij.html,"//*[@id=""page-block""]/div/div[3]/div[1]/div[3]/div[2]/div/div[2]/div[4]/div/span/span/span[1]"
https://om-ts.ru/,https://om-ts.ru/plastik/fitingi-plastikovye/fitingi-pnd-litye/perekhody-pnd-litye/perekhody-litye-pe-100-sdr-11/perekhod-pnd-litoy-d-110kh90-pe-100-sdr-11/?ymclid=16207254777065138693400002,"//*[@id=""item-site-right""]/span[3]"
https://ooomskplast.ru/,https://ooomskplast.ru/p340987423-perehod-d11090-pe100.html?frommarket=htt&ymclid=16207254777065138693400016,/html/body/main/article/div[2]/div[1]/div[3]/div[1]/div/p/span[1]
https://rf.petrovich.ru/,https://rf.petrovich.ru/catalog/160596604/149082/?utm_campaign=848586&utm_content=type_t&utm_medium=cpc&utm_source=YaMarket_RF&utm_term=848586&ymclid=16207245839704793441500008,"//*[@id=""jsx-product-page""]/section/div[1]/div[1]/div[1]/div/div[1]/div[2]/p[2]/text()"
https://www.imperia-sadovoda.ru/,https://www.imperia-sadovoda.ru/catalog/perekhody_stalnye/perekhod_stalnoy_108_kh_89/?utm_source=market.yandex.ru&utm_medium=cpc&utm_campaign=280433&ymclid=16207245839704793441500016,"//*[@id=""bx_117848907_280433_price""]"
